,actor,gender,emotion,path
0,1,male,neutral,data/Actor_01/03-01-01-01-01-01-01.wav
1,1,male,neutral,data/Actor_01/03-01-01-01-01-02-01.wav
2,1,male,neutral,data/Actor_01/03-01-01-01-02-01-01.wav
3,1,male,neutral,data/Actor_01/03-01-01-01-02-02-01.wav
4,1,male,calm,data/Actor_01/03-01-02-01-01-01-01.wav
5,1,male,calm,data/Actor_01/03-01-02-01-01-02-01.wav
6,1,male,calm,data/Actor_01/03-01-02-01-02-01-01.wav
7,1,male,calm,data/Actor_01/03-01-02-01-02-02-01.wav
8,1,male,calm,data/Actor_01/03-01-02-02-01-01-01.wav
9,1,male,calm,data/Actor_01/03-01-02-02-01-02-01.wav
10,1,male,calm,data/Actor_01/03-01-02-02-02-01-01.wav
11,1,male,calm,data/Actor_01/03-01-02-02-02-02-01.wav
12,1,male,happy,data/Actor_01/03-01-03-01-01-01-01.wav
13,1,male,happy,data/Actor_01/03-01-03-01-01-02-01.wav
14,1,male,happy,data/Actor_01/03-01-03-01-02-01-01.wav
15,1,male,happy,data/Actor_01/03-01-03-01-02-02-01.wav
16,1,male,happy,data/Actor_01/03-01-03-02-01-01-01.wav
17,1,male,happy,data/Actor_01/03-01-03-02-01-02-01.wav
18,1,male,happy,data/Actor_01/03-01-03-02-02-01-01.wav
19,1,male,happy,data/Actor_01/03-01-03-02-02-02-01.wav
20,1,male,sad,data/Actor_01/03-01-04-01-01-01-01.wav
21,1,male,sad,data/Actor_01/03-01-04-01-01-02-01.wav
22,1,male,sad,data/Actor_01/03-01-04-01-02-01-01.wav
23,1,male,sad,data/Actor_01/03-01-04-01-02-02-01.wav
24,1,male,sad,data/Actor_01/03-01-04-02-01-01-01.wav
25,1,male,sad,data/Actor_01/03-01-04-02-01-02-01.wav
26,1,male,sad,data/Actor_01/03-01-04-02-02-01-01.wav
27,1,male,sad,data/Actor_01/03-01-04-02-02-02-01.wav
28,1,male,angry,data/Actor_01/03-01-05-01-01-01-01.wav
29,1,male,angry,data/Actor_01/03-01-05-01-01-02-01.wav
30,1,male,angry,data/Actor_01/03-01-05-01-02-01-01.wav
31,1,male,angry,data/Actor_01/03-01-05-01-02-02-01.wav
32,1,male,angry,data/Actor_01/03-01-05-02-01-01-01.wav
33,1,male,angry,data/Actor_01/03-01-05-02-01-02-01.wav
34,1,male,angry,data/Actor_01/03-01-05-02-02-01-01.wav
35,1,male,angry,data/Actor_01/03-01-05-02-02-02-01.wav
36,1,male,fearful,data/Actor_01/03-01-06-01-01-01-01.wav
37,1,male,fearful,data/Actor_01/03-01-06-01-01-02-01.wav
38,1,male,fearful,data/Actor_01/03-01-06-01-02-01-01.wav
39,1,male,fearful,data/Actor_01/03-01-06-01-02-02-01.wav
40,1,male,fearful,data/Actor_01/03-01-06-02-01-01-01.wav
41,1,male,fearful,data/Actor_01/03-01-06-02-01-02-01.wav
42,1,male,fearful,data/Actor_01/03-01-06-02-02-01-01.wav
43,1,male,fearful,data/Actor_01/03-01-06-02-02-02-01.wav
44,1,male,disgust,data/Actor_01/03-01-07-01-01-01-01.wav
45,1,male,disgust,data/Actor_01/03-01-07-01-01-02-01.wav
46,1,male,disgust,data/Actor_01/03-01-07-01-02-01-01.wav
47,1,male,disgust,data/Actor_01/03-01-07-01-02-02-01.wav
48,1,male,disgust,data/Actor_01/03-01-07-02-01-01-01.wav
49,1,male,disgust,data/Actor_01/03-01-07-02-01-02-01.wav
50,1,male,disgust,data/Actor_01/03-01-07-02-02-01-01.wav
51,1,male,disgust,data/Actor_01/03-01-07-02-02-02-01.wav
52,1,male,surprised,data/Actor_01/03-01-08-01-01-01-01.wav
53,1,male,surprised,data/Actor_01/03-01-08-01-01-02-01.wav
54,1,male,surprised,data/Actor_01/03-01-08-01-02-01-01.wav
55,1,male,surprised,data/Actor_01/03-01-08-01-02-02-01.wav
56,1,male,surprised,data/Actor_01/03-01-08-02-01-01-01.wav
57,1,male,surprised,data/Actor_01/03-01-08-02-01-02-01.wav
58,1,male,surprised,data/Actor_01/03-01-08-02-02-01-01.wav
59,1,male,surprised,data/Actor_01/03-01-08-02-02-02-01.wav
60,2,female,neutral,data/Actor_02/03-01-01-01-01-01-02.wav
61,2,female,neutral,data/Actor_02/03-01-01-01-01-02-02.wav
62,2,female,neutral,data/Actor_02/03-01-01-01-02-01-02.wav
63,2,female,neutral,data/Actor_02/03-01-01-01-02-02-02.wav
64,2,female,calm,data/Actor_02/03-01-02-01-01-01-02.wav
65,2,female,calm,data/Actor_02/03-01-02-01-01-02-02.wav
66,2,female,calm,data/Actor_02/03-01-02-01-02-01-02.wav
67,2,female,calm,data/Actor_02/03-01-02-01-02-02-02.wav
68,2,female,calm,data/Actor_02/03-01-02-02-01-01-02.wav
69,2,female,calm,data/Actor_02/03-01-02-02-01-02-02.wav
70,2,female,calm,data/Actor_02/03-01-02-02-02-01-02.wav
71,2,female,calm,data/Actor_02/03-01-02-02-02-02-02.wav
72,2,female,happy,data/Actor_02/03-01-03-01-01-01-02.wav
73,2,female,happy,data/Actor_02/03-01-03-01-01-02-02.wav
74,2,female,happy,data/Actor_02/03-01-03-01-02-01-02.wav
75,2,female,happy,data/Actor_02/03-01-03-01-02-02-02.wav
76,2,female,happy,data/Actor_02/03-01-03-02-01-01-02.wav
77,2,female,happy,data/Actor_02/03-01-03-02-01-02-02.wav
78,2,female,happy,data/Actor_02/03-01-03-02-02-01-02.wav
79,2,female,happy,data/Actor_02/03-01-03-02-02-02-02.wav
80,2,female,sad,data/Actor_02/03-01-04-01-01-01-02.wav
81,2,female,sad,data/Actor_02/03-01-04-01-01-02-02.wav
82,2,female,sad,data/Actor_02/03-01-04-01-02-01-02.wav
83,2,female,sad,data/Actor_02/03-01-04-01-02-02-02.wav
84,2,female,sad,data/Actor_02/03-01-04-02-01-01-02.wav
85,2,female,sad,data/Actor_02/03-01-04-02-01-02-02.wav
86,2,female,sad,data/Actor_02/03-01-04-02-02-01-02.wav
87,2,female,sad,data/Actor_02/03-01-04-02-02-02-02.wav
88,2,female,angry,data/Actor_02/03-01-05-01-01-01-02.wav
89,2,female,angry,data/Actor_02/03-01-05-01-01-02-02.wav
90,2,female,angry,data/Actor_02/03-01-05-01-02-01-02.wav
91,2,female,angry,data/Actor_02/03-01-05-01-02-02-02.wav
92,2,female,angry,data/Actor_02/03-01-05-02-01-01-02.wav
93,2,female,angry,data/Actor_02/03-01-05-02-01-02-02.wav
94,2,female,angry,data/Actor_02/03-01-05-02-02-01-02.wav
95,2,female,angry,data/Actor_02/03-01-05-02-02-02-02.wav
96,2,female,fearful,data/Actor_02/03-01-06-01-01-01-02.wav
97,2,female,fearful,data/Actor_02/03-01-06-01-01-02-02.wav
98,2,female,fearful,data/Actor_02/03-01-06-01-02-01-02.wav
99,2,female,fearful,data/Actor_02/03-01-06-01-02-02-02.wav
100,2,female,fearful,data/Actor_02/03-01-06-02-01-01-02.wav
101,2,female,fearful,data/Actor_02/03-01-06-02-01-02-02.wav
102,2,female,fearful,data/Actor_02/03-01-06-02-02-01-02.wav
103,2,female,fearful,data/Actor_02/03-01-06-02-02-02-02.wav
104,2,female,disgust,data/Actor_02/03-01-07-01-01-01-02.wav
105,2,female,disgust,data/Actor_02/03-01-07-01-01-02-02.wav
106,2,female,disgust,data/Actor_02/03-01-07-01-02-01-02.wav
107,2,female,disgust,data/Actor_02/03-01-07-01-02-02-02.wav
108,2,female,disgust,data/Actor_02/03-01-07-02-01-01-02.wav
109,2,female,disgust,data/Actor_02/03-01-07-02-01-02-02.wav
110,2,female,disgust,data/Actor_02/03-01-07-02-02-01-02.wav
111,2,female,disgust,data/Actor_02/03-01-07-02-02-02-02.wav
112,2,female,surprised,data/Actor_02/03-01-08-01-01-01-02.wav
113,2,female,surprised,data/Actor_02/03-01-08-01-01-02-02.wav
114,2,female,surprised,data/Actor_02/03-01-08-01-02-01-02.wav
115,2,female,surprised,data/Actor_02/03-01-08-01-02-02-02.wav
116,2,female,surprised,data/Actor_02/03-01-08-02-01-01-02.wav
117,2,female,surprised,data/Actor_02/03-01-08-02-01-02-02.wav
118,2,female,surprised,data/Actor_02/03-01-08-02-02-01-02.wav
119,2,female,surprised,data/Actor_02/03-01-08-02-02-02-02.wav
120,3,male,neutral,data/Actor_03/03-01-01-01-01-01-03.wav
121,3,male,neutral,data/Actor_03/03-01-01-01-01-02-03.wav
122,3,male,neutral,data/Actor_03/03-01-01-01-02-01-03.wav
123,3,male,neutral,data/Actor_03/03-01-01-01-02-02-03.wav
124,3,male,calm,data/Actor_03/03-01-02-01-01-01-03.wav
125,3,male,calm,data/Actor_03/03-01-02-01-01-02-03.wav
126,3,male,calm,data/Actor_03/03-01-02-01-02-01-03.wav
127,3,male,calm,data/Actor_03/03-01-02-01-02-02-03.wav
128,3,male,calm,data/Actor_03/03-01-02-02-01-01-03.wav
129,3,male,calm,data/Actor_03/03-01-02-02-01-02-03.wav
130,3,male,calm,data/Actor_03/03-01-02-02-02-01-03.wav
131,3,male,calm,data/Actor_03/03-01-02-02-02-02-03.wav
132,3,male,happy,data/Actor_03/03-01-03-01-01-01-03.wav
133,3,male,happy,data/Actor_03/03-01-03-01-01-02-03.wav
134,3,male,happy,data/Actor_03/03-01-03-01-02-01-03.wav
135,3,male,happy,data/Actor_03/03-01-03-01-02-02-03.wav
136,3,male,happy,data/Actor_03/03-01-03-02-01-01-03.wav
137,3,male,happy,data/Actor_03/03-01-03-02-01-02-03.wav
138,3,male,happy,data/Actor_03/03-01-03-02-02-01-03.wav
139,3,male,happy,data/Actor_03/03-01-03-02-02-02-03.wav
140,3,male,sad,data/Actor_03/03-01-04-01-01-01-03.wav
141,3,male,sad,data/Actor_03/03-01-04-01-01-02-03.wav
142,3,male,sad,data/Actor_03/03-01-04-01-02-01-03.wav
143,3,male,sad,data/Actor_03/03-01-04-01-02-02-03.wav
144,3,male,sad,data/Actor_03/03-01-04-02-01-01-03.wav
145,3,male,sad,data/Actor_03/03-01-04-02-01-02-03.wav
146,3,male,sad,data/Actor_03/03-01-04-02-02-01-03.wav
147,3,male,sad,data/Actor_03/03-01-04-02-02-02-03.wav
148,3,male,angry,data/Actor_03/03-01-05-01-01-01-03.wav
149,3,male,angry,data/Actor_03/03-01-05-01-01-02-03.wav
150,3,male,angry,data/Actor_03/03-01-05-01-02-01-03.wav
151,3,male,angry,data/Actor_03/03-01-05-01-02-02-03.wav
152,3,male,angry,data/Actor_03/03-01-05-02-01-01-03.wav
153,3,male,angry,data/Actor_03/03-01-05-02-01-02-03.wav
154,3,male,angry,data/Actor_03/03-01-05-02-02-01-03.wav
155,3,male,angry,data/Actor_03/03-01-05-02-02-02-03.wav
156,3,male,fearful,data/Actor_03/03-01-06-01-01-01-03.wav
157,3,male,fearful,data/Actor_03/03-01-06-01-01-02-03.wav
158,3,male,fearful,data/Actor_03/03-01-06-01-02-01-03.wav
159,3,male,fearful,data/Actor_03/03-01-06-01-02-02-03.wav
160,3,male,fearful,data/Actor_03/03-01-06-02-01-01-03.wav
161,3,male,fearful,data/Actor_03/03-01-06-02-01-02-03.wav
162,3,male,fearful,data/Actor_03/03-01-06-02-02-01-03.wav
163,3,male,fearful,data/Actor_03/03-01-06-02-02-02-03.wav
164,3,male,disgust,data/Actor_03/03-01-07-01-01-01-03.wav
165,3,male,disgust,data/Actor_03/03-01-07-01-01-02-03.wav
166,3,male,disgust,data/Actor_03/03-01-07-01-02-01-03.wav
167,3,male,disgust,data/Actor_03/03-01-07-01-02-02-03.wav
168,3,male,disgust,data/Actor_03/03-01-07-02-01-01-03.wav
169,3,male,disgust,data/Actor_03/03-01-07-02-01-02-03.wav
170,3,male,disgust,data/Actor_03/03-01-07-02-02-01-03.wav
171,3,male,disgust,data/Actor_03/03-01-07-02-02-02-03.wav
172,3,male,surprised,data/Actor_03/03-01-08-01-01-01-03.wav
173,3,male,surprised,data/Actor_03/03-01-08-01-01-02-03.wav
174,3,male,surprised,data/Actor_03/03-01-08-01-02-01-03.wav
175,3,male,surprised,data/Actor_03/03-01-08-01-02-02-03.wav
176,3,male,surprised,data/Actor_03/03-01-08-02-01-01-03.wav
177,3,male,surprised,data/Actor_03/03-01-08-02-01-02-03.wav
178,3,male,surprised,data/Actor_03/03-01-08-02-02-01-03.wav
179,3,male,surprised,data/Actor_03/03-01-08-02-02-02-03.wav
180,4,female,neutral,data/Actor_04/03-01-01-01-01-01-04.wav
181,4,female,neutral,data/Actor_04/03-01-01-01-01-02-04.wav
182,4,female,neutral,data/Actor_04/03-01-01-01-02-01-04.wav
183,4,female,neutral,data/Actor_04/03-01-01-01-02-02-04.wav
184,4,female,calm,data/Actor_04/03-01-02-01-01-01-04.wav
185,4,female,calm,data/Actor_04/03-01-02-01-01-02-04.wav
186,4,female,calm,data/Actor_04/03-01-02-01-02-01-04.wav
187,4,female,calm,data/Actor_04/03-01-02-01-02-02-04.wav
188,4,female,calm,data/Actor_04/03-01-02-02-01-01-04.wav
189,4,female,calm,data/Actor_04/03-01-02-02-01-02-04.wav
190,4,female,calm,data/Actor_04/03-01-02-02-02-01-04.wav
191,4,female,calm,data/Actor_04/03-01-02-02-02-02-04.wav
192,4,female,happy,data/Actor_04/03-01-03-01-01-01-04.wav
193,4,female,happy,data/Actor_04/03-01-03-01-01-02-04.wav
194,4,female,happy,data/Actor_04/03-01-03-01-02-01-04.wav
195,4,female,happy,data/Actor_04/03-01-03-01-02-02-04.wav
196,4,female,happy,data/Actor_04/03-01-03-02-01-01-04.wav
197,4,female,happy,data/Actor_04/03-01-03-02-01-02-04.wav
198,4,female,happy,data/Actor_04/03-01-03-02-02-01-04.wav
199,4,female,happy,data/Actor_04/03-01-03-02-02-02-04.wav
200,4,female,sad,data/Actor_04/03-01-04-01-01-01-04.wav
201,4,female,sad,data/Actor_04/03-01-04-01-01-02-04.wav
202,4,female,sad,data/Actor_04/03-01-04-01-02-01-04.wav
203,4,female,sad,data/Actor_04/03-01-04-01-02-02-04.wav
204,4,female,sad,data/Actor_04/03-01-04-02-01-01-04.wav
205,4,female,sad,data/Actor_04/03-01-04-02-01-02-04.wav
206,4,female,sad,data/Actor_04/03-01-04-02-02-01-04.wav
207,4,female,sad,data/Actor_04/03-01-04-02-02-02-04.wav
208,4,female,angry,data/Actor_04/03-01-05-01-01-01-04.wav
209,4,female,angry,data/Actor_04/03-01-05-01-01-02-04.wav
210,4,female,angry,data/Actor_04/03-01-05-01-02-01-04.wav
211,4,female,angry,data/Actor_04/03-01-05-01-02-02-04.wav
212,4,female,angry,data/Actor_04/03-01-05-02-01-01-04.wav
213,4,female,angry,data/Actor_04/03-01-05-02-01-02-04.wav
214,4,female,angry,data/Actor_04/03-01-05-02-02-01-04.wav
215,4,female,angry,data/Actor_04/03-01-05-02-02-02-04.wav
216,4,female,fearful,data/Actor_04/03-01-06-01-01-01-04.wav
217,4,female,fearful,data/Actor_04/03-01-06-01-01-02-04.wav
218,4,female,fearful,data/Actor_04/03-01-06-01-02-01-04.wav
219,4,female,fearful,data/Actor_04/03-01-06-01-02-02-04.wav
220,4,female,fearful,data/Actor_04/03-01-06-02-01-01-04.wav
221,4,female,fearful,data/Actor_04/03-01-06-02-01-02-04.wav
222,4,female,fearful,data/Actor_04/03-01-06-02-02-01-04.wav
223,4,female,fearful,data/Actor_04/03-01-06-02-02-02-04.wav
224,4,female,disgust,data/Actor_04/03-01-07-01-01-01-04.wav
225,4,female,disgust,data/Actor_04/03-01-07-01-01-02-04.wav
226,4,female,disgust,data/Actor_04/03-01-07-01-02-01-04.wav
227,4,female,disgust,data/Actor_04/03-01-07-01-02-02-04.wav
228,4,female,disgust,data/Actor_04/03-01-07-02-01-01-04.wav
229,4,female,disgust,data/Actor_04/03-01-07-02-01-02-04.wav
230,4,female,disgust,data/Actor_04/03-01-07-02-02-01-04.wav
231,4,female,disgust,data/Actor_04/03-01-07-02-02-02-04.wav
232,4,female,surprised,data/Actor_04/03-01-08-01-01-01-04.wav
233,4,female,surprised,data/Actor_04/03-01-08-01-01-02-04.wav
234,4,female,surprised,data/Actor_04/03-01-08-01-02-01-04.wav
235,4,female,surprised,data/Actor_04/03-01-08-01-02-02-04.wav
236,4,female,surprised,data/Actor_04/03-01-08-02-01-01-04.wav
237,4,female,surprised,data/Actor_04/03-01-08-02-01-02-04.wav
238,4,female,surprised,data/Actor_04/03-01-08-02-02-01-04.wav
239,4,female,surprised,data/Actor_04/03-01-08-02-02-02-04.wav
240,5,male,neutral,data/Actor_05/03-01-01-01-01-01-05.wav
241,5,male,neutral,data/Actor_05/03-01-01-01-01-02-05.wav
242,5,male,neutral,data/Actor_05/03-01-01-01-02-01-05.wav
243,5,male,neutral,data/Actor_05/03-01-01-01-02-02-05.wav
244,5,male,calm,data/Actor_05/03-01-02-01-01-01-05.wav
245,5,male,calm,data/Actor_05/03-01-02-01-01-02-05.wav
246,5,male,calm,data/Actor_05/03-01-02-01-02-01-05.wav
247,5,male,calm,data/Actor_05/03-01-02-01-02-02-05.wav
248,5,male,calm,data/Actor_05/03-01-02-02-01-01-05.wav
249,5,male,calm,data/Actor_05/03-01-02-02-01-02-05.wav
250,5,male,calm,data/Actor_05/03-01-02-02-02-01-05.wav
251,5,male,calm,data/Actor_05/03-01-02-02-02-02-05.wav
252,5,male,happy,data/Actor_05/03-01-03-01-01-01-05.wav
253,5,male,happy,data/Actor_05/03-01-03-01-01-02-05.wav
254,5,male,happy,data/Actor_05/03-01-03-01-02-01-05.wav
255,5,male,happy,data/Actor_05/03-01-03-01-02-02-05.wav
256,5,male,happy,data/Actor_05/03-01-03-02-01-01-05.wav
257,5,male,happy,data/Actor_05/03-01-03-02-01-02-05.wav
258,5,male,happy,data/Actor_05/03-01-03-02-02-01-05.wav
259,5,male,happy,data/Actor_05/03-01-03-02-02-02-05.wav
260,5,male,sad,data/Actor_05/03-01-04-01-01-01-05.wav
261,5,male,sad,data/Actor_05/03-01-04-01-01-02-05.wav
262,5,male,sad,data/Actor_05/03-01-04-01-02-01-05.wav
263,5,male,sad,data/Actor_05/03-01-04-01-02-02-05.wav
264,5,male,sad,data/Actor_05/03-01-04-02-01-01-05.wav
265,5,male,sad,data/Actor_05/03-01-04-02-01-02-05.wav
266,5,male,sad,data/Actor_05/03-01-04-02-02-01-05.wav
267,5,male,sad,data/Actor_05/03-01-04-02-02-02-05.wav
268,5,male,angry,data/Actor_05/03-01-05-01-01-01-05.wav
269,5,male,angry,data/Actor_05/03-01-05-01-01-02-05.wav
270,5,male,angry,data/Actor_05/03-01-05-01-02-01-05.wav
271,5,male,angry,data/Actor_05/03-01-05-01-02-02-05.wav
272,5,male,angry,data/Actor_05/03-01-05-02-01-01-05.wav
273,5,male,angry,data/Actor_05/03-01-05-02-01-02-05.wav
274,5,male,angry,data/Actor_05/03-01-05-02-02-01-05.wav
275,5,male,angry,data/Actor_05/03-01-05-02-02-02-05.wav
276,5,male,fearful,data/Actor_05/03-01-06-01-01-01-05.wav
277,5,male,fearful,data/Actor_05/03-01-06-01-01-02-05.wav
278,5,male,fearful,data/Actor_05/03-01-06-01-02-01-05.wav
279,5,male,fearful,data/Actor_05/03-01-06-01-02-02-05.wav
280,5,male,fearful,data/Actor_05/03-01-06-02-01-01-05.wav
281,5,male,fearful,data/Actor_05/03-01-06-02-01-02-05.wav
282,5,male,fearful,data/Actor_05/03-01-06-02-02-01-05.wav
283,5,male,fearful,data/Actor_05/03-01-06-02-02-02-05.wav
284,5,male,disgust,data/Actor_05/03-01-07-01-01-01-05.wav
285,5,male,disgust,data/Actor_05/03-01-07-01-01-02-05.wav
286,5,male,disgust,data/Actor_05/03-01-07-01-02-01-05.wav
287,5,male,disgust,data/Actor_05/03-01-07-01-02-02-05.wav
288,5,male,disgust,data/Actor_05/03-01-07-02-01-01-05.wav
289,5,male,disgust,data/Actor_05/03-01-07-02-01-02-05.wav
290,5,male,disgust,data/Actor_05/03-01-07-02-02-01-05.wav
291,5,male,disgust,data/Actor_05/03-01-07-02-02-02-05.wav
292,5,male,surprised,data/Actor_05/03-01-08-01-01-01-05.wav
293,5,male,surprised,data/Actor_05/03-01-08-01-01-02-05.wav
294,5,male,surprised,data/Actor_05/03-01-08-01-02-01-05.wav
295,5,male,surprised,data/Actor_05/03-01-08-01-02-02-05.wav
296,5,male,surprised,data/Actor_05/03-01-08-02-01-01-05.wav
297,5,male,surprised,data/Actor_05/03-01-08-02-01-02-05.wav
298,5,male,surprised,data/Actor_05/03-01-08-02-02-01-05.wav
299,5,male,surprised,data/Actor_05/03-01-08-02-02-02-05.wav
300,6,female,neutral,data/Actor_06/03-01-01-01-01-01-06.wav
301,6,female,neutral,data/Actor_06/03-01-01-01-01-02-06.wav
302,6,female,neutral,data/Actor_06/03-01-01-01-02-01-06.wav
303,6,female,neutral,data/Actor_06/03-01-01-01-02-02-06.wav
304,6,female,calm,data/Actor_06/03-01-02-01-01-01-06.wav
305,6,female,calm,data/Actor_06/03-01-02-01-01-02-06.wav
306,6,female,calm,data/Actor_06/03-01-02-01-02-01-06.wav
307,6,female,calm,data/Actor_06/03-01-02-01-02-02-06.wav
308,6,female,calm,data/Actor_06/03-01-02-02-01-01-06.wav
309,6,female,calm,data/Actor_06/03-01-02-02-01-02-06.wav
310,6,female,calm,data/Actor_06/03-01-02-02-02-01-06.wav
311,6,female,calm,data/Actor_06/03-01-02-02-02-02-06.wav
312,6,female,happy,data/Actor_06/03-01-03-01-01-01-06.wav
313,6,female,happy,data/Actor_06/03-01-03-01-01-02-06.wav
314,6,female,happy,data/Actor_06/03-01-03-01-02-01-06.wav
315,6,female,happy,data/Actor_06/03-01-03-01-02-02-06.wav
316,6,female,happy,data/Actor_06/03-01-03-02-01-01-06.wav
317,6,female,happy,data/Actor_06/03-01-03-02-01-02-06.wav
318,6,female,happy,data/Actor_06/03-01-03-02-02-01-06.wav
319,6,female,happy,data/Actor_06/03-01-03-02-02-02-06.wav
320,6,female,sad,data/Actor_06/03-01-04-01-01-01-06.wav
321,6,female,sad,data/Actor_06/03-01-04-01-01-02-06.wav
322,6,female,sad,data/Actor_06/03-01-04-01-02-01-06.wav
323,6,female,sad,data/Actor_06/03-01-04-01-02-02-06.wav
324,6,female,sad,data/Actor_06/03-01-04-02-01-01-06.wav
325,6,female,sad,data/Actor_06/03-01-04-02-01-02-06.wav
326,6,female,sad,data/Actor_06/03-01-04-02-02-01-06.wav
327,6,female,sad,data/Actor_06/03-01-04-02-02-02-06.wav
328,6,female,angry,data/Actor_06/03-01-05-01-01-01-06.wav
329,6,female,angry,data/Actor_06/03-01-05-01-01-02-06.wav
330,6,female,angry,data/Actor_06/03-01-05-01-02-01-06.wav
331,6,female,angry,data/Actor_06/03-01-05-01-02-02-06.wav
332,6,female,angry,data/Actor_06/03-01-05-02-01-01-06.wav
333,6,female,angry,data/Actor_06/03-01-05-02-01-02-06.wav
334,6,female,angry,data/Actor_06/03-01-05-02-02-01-06.wav
335,6,female,angry,data/Actor_06/03-01-05-02-02-02-06.wav
336,6,female,fearful,data/Actor_06/03-01-06-01-01-01-06.wav
337,6,female,fearful,data/Actor_06/03-01-06-01-01-02-06.wav
338,6,female,fearful,data/Actor_06/03-01-06-01-02-01-06.wav
339,6,female,fearful,data/Actor_06/03-01-06-01-02-02-06.wav
340,6,female,fearful,data/Actor_06/03-01-06-02-01-01-06.wav
341,6,female,fearful,data/Actor_06/03-01-06-02-01-02-06.wav
342,6,female,fearful,data/Actor_06/03-01-06-02-02-01-06.wav
343,6,female,fearful,data/Actor_06/03-01-06-02-02-02-06.wav
344,6,female,disgust,data/Actor_06/03-01-07-01-01-01-06.wav
345,6,female,disgust,data/Actor_06/03-01-07-01-01-02-06.wav
346,6,female,disgust,data/Actor_06/03-01-07-01-02-01-06.wav
347,6,female,disgust,data/Actor_06/03-01-07-01-02-02-06.wav
348,6,female,disgust,data/Actor_06/03-01-07-02-01-01-06.wav
349,6,female,disgust,data/Actor_06/03-01-07-02-01-02-06.wav
350,6,female,disgust,data/Actor_06/03-01-07-02-02-01-06.wav
351,6,female,disgust,data/Actor_06/03-01-07-02-02-02-06.wav
352,6,female,surprised,data/Actor_06/03-01-08-01-01-01-06.wav
353,6,female,surprised,data/Actor_06/03-01-08-01-01-02-06.wav
354,6,female,surprised,data/Actor_06/03-01-08-01-02-01-06.wav
355,6,female,surprised,data/Actor_06/03-01-08-01-02-02-06.wav
356,6,female,surprised,data/Actor_06/03-01-08-02-01-01-06.wav
357,6,female,surprised,data/Actor_06/03-01-08-02-01-02-06.wav
358,6,female,surprised,data/Actor_06/03-01-08-02-02-01-06.wav
359,6,female,surprised,data/Actor_06/03-01-08-02-02-02-06.wav
360,7,male,neutral,data/Actor_07/03-01-01-01-01-01-07.wav
361,7,male,neutral,data/Actor_07/03-01-01-01-01-02-07.wav
362,7,male,neutral,data/Actor_07/03-01-01-01-02-01-07.wav
363,7,male,neutral,data/Actor_07/03-01-01-01-02-02-07.wav
364,7,male,calm,data/Actor_07/03-01-02-01-01-01-07.wav
365,7,male,calm,data/Actor_07/03-01-02-01-01-02-07.wav
366,7,male,calm,data/Actor_07/03-01-02-01-02-01-07.wav
367,7,male,calm,data/Actor_07/03-01-02-01-02-02-07.wav
368,7,male,calm,data/Actor_07/03-01-02-02-01-01-07.wav
369,7,male,calm,data/Actor_07/03-01-02-02-01-02-07.wav
370,7,male,calm,data/Actor_07/03-01-02-02-02-01-07.wav
371,7,male,calm,data/Actor_07/03-01-02-02-02-02-07.wav
372,7,male,happy,data/Actor_07/03-01-03-01-01-01-07.wav
373,7,male,happy,data/Actor_07/03-01-03-01-01-02-07.wav
374,7,male,happy,data/Actor_07/03-01-03-01-02-01-07.wav
375,7,male,happy,data/Actor_07/03-01-03-01-02-02-07.wav
376,7,male,happy,data/Actor_07/03-01-03-02-01-01-07.wav
377,7,male,happy,data/Actor_07/03-01-03-02-01-02-07.wav
378,7,male,happy,data/Actor_07/03-01-03-02-02-01-07.wav
379,7,male,happy,data/Actor_07/03-01-03-02-02-02-07.wav
380,7,male,sad,data/Actor_07/03-01-04-01-01-01-07.wav
381,7,male,sad,data/Actor_07/03-01-04-01-01-02-07.wav
382,7,male,sad,data/Actor_07/03-01-04-01-02-01-07.wav
383,7,male,sad,data/Actor_07/03-01-04-01-02-02-07.wav
384,7,male,sad,data/Actor_07/03-01-04-02-01-01-07.wav
385,7,male,sad,data/Actor_07/03-01-04-02-01-02-07.wav
386,7,male,sad,data/Actor_07/03-01-04-02-02-01-07.wav
387,7,male,sad,data/Actor_07/03-01-04-02-02-02-07.wav
388,7,male,angry,data/Actor_07/03-01-05-01-01-01-07.wav
389,7,male,angry,data/Actor_07/03-01-05-01-01-02-07.wav
390,7,male,angry,data/Actor_07/03-01-05-01-02-01-07.wav
391,7,male,angry,data/Actor_07/03-01-05-01-02-02-07.wav
392,7,male,angry,data/Actor_07/03-01-05-02-01-01-07.wav
393,7,male,angry,data/Actor_07/03-01-05-02-01-02-07.wav
394,7,male,angry,data/Actor_07/03-01-05-02-02-01-07.wav
395,7,male,angry,data/Actor_07/03-01-05-02-02-02-07.wav
396,7,male,fearful,data/Actor_07/03-01-06-01-01-01-07.wav
397,7,male,fearful,data/Actor_07/03-01-06-01-01-02-07.wav
398,7,male,fearful,data/Actor_07/03-01-06-01-02-01-07.wav
399,7,male,fearful,data/Actor_07/03-01-06-01-02-02-07.wav
400,7,male,fearful,data/Actor_07/03-01-06-02-01-01-07.wav
401,7,male,fearful,data/Actor_07/03-01-06-02-01-02-07.wav
402,7,male,fearful,data/Actor_07/03-01-06-02-02-01-07.wav
403,7,male,fearful,data/Actor_07/03-01-06-02-02-02-07.wav
404,7,male,disgust,data/Actor_07/03-01-07-01-01-01-07.wav
405,7,male,disgust,data/Actor_07/03-01-07-01-01-02-07.wav
406,7,male,disgust,data/Actor_07/03-01-07-01-02-01-07.wav
407,7,male,disgust,data/Actor_07/03-01-07-01-02-02-07.wav
408,7,male,disgust,data/Actor_07/03-01-07-02-01-01-07.wav
409,7,male,disgust,data/Actor_07/03-01-07-02-01-02-07.wav
410,7,male,disgust,data/Actor_07/03-01-07-02-02-01-07.wav
411,7,male,disgust,data/Actor_07/03-01-07-02-02-02-07.wav
412,7,male,surprised,data/Actor_07/03-01-08-01-01-01-07.wav
413,7,male,surprised,data/Actor_07/03-01-08-01-01-02-07.wav
414,7,male,surprised,data/Actor_07/03-01-08-01-02-01-07.wav
415,7,male,surprised,data/Actor_07/03-01-08-01-02-02-07.wav
416,7,male,surprised,data/Actor_07/03-01-08-02-01-01-07.wav
417,7,male,surprised,data/Actor_07/03-01-08-02-01-02-07.wav
418,7,male,surprised,data/Actor_07/03-01-08-02-02-01-07.wav
419,7,male,surprised,data/Actor_07/03-01-08-02-02-02-07.wav
420,8,female,neutral,data/Actor_08/03-01-01-01-01-01-08.wav
421,8,female,neutral,data/Actor_08/03-01-01-01-01-02-08.wav
422,8,female,neutral,data/Actor_08/03-01-01-01-02-01-08.wav
423,8,female,neutral,data/Actor_08/03-01-01-01-02-02-08.wav
424,8,female,calm,data/Actor_08/03-01-02-01-01-01-08.wav
425,8,female,calm,data/Actor_08/03-01-02-01-01-02-08.wav
426,8,female,calm,data/Actor_08/03-01-02-01-02-01-08.wav
427,8,female,calm,data/Actor_08/03-01-02-01-02-02-08.wav
428,8,female,calm,data/Actor_08/03-01-02-02-01-01-08.wav
429,8,female,calm,data/Actor_08/03-01-02-02-01-02-08.wav
430,8,female,calm,data/Actor_08/03-01-02-02-02-01-08.wav
431,8,female,calm,data/Actor_08/03-01-02-02-02-02-08.wav
432,8,female,happy,data/Actor_08/03-01-03-01-01-01-08.wav
433,8,female,happy,data/Actor_08/03-01-03-01-01-02-08.wav
434,8,female,happy,data/Actor_08/03-01-03-01-02-01-08.wav
435,8,female,happy,data/Actor_08/03-01-03-01-02-02-08.wav
436,8,female,happy,data/Actor_08/03-01-03-02-01-01-08.wav
437,8,female,happy,data/Actor_08/03-01-03-02-01-02-08.wav
438,8,female,happy,data/Actor_08/03-01-03-02-02-01-08.wav
439,8,female,happy,data/Actor_08/03-01-03-02-02-02-08.wav
440,8,female,sad,data/Actor_08/03-01-04-01-01-01-08.wav
441,8,female,sad,data/Actor_08/03-01-04-01-01-02-08.wav
442,8,female,sad,data/Actor_08/03-01-04-01-02-01-08.wav
443,8,female,sad,data/Actor_08/03-01-04-01-02-02-08.wav
444,8,female,sad,data/Actor_08/03-01-04-02-01-01-08.wav
445,8,female,sad,data/Actor_08/03-01-04-02-01-02-08.wav
446,8,female,sad,data/Actor_08/03-01-04-02-02-01-08.wav
447,8,female,sad,data/Actor_08/03-01-04-02-02-02-08.wav
448,8,female,angry,data/Actor_08/03-01-05-01-01-01-08.wav
449,8,female,angry,data/Actor_08/03-01-05-01-01-02-08.wav
450,8,female,angry,data/Actor_08/03-01-05-01-02-01-08.wav
451,8,female,angry,data/Actor_08/03-01-05-01-02-02-08.wav
452,8,female,angry,data/Actor_08/03-01-05-02-01-01-08.wav
453,8,female,angry,data/Actor_08/03-01-05-02-01-02-08.wav
454,8,female,angry,data/Actor_08/03-01-05-02-02-01-08.wav
455,8,female,angry,data/Actor_08/03-01-05-02-02-02-08.wav
456,8,female,fearful,data/Actor_08/03-01-06-01-01-01-08.wav
457,8,female,fearful,data/Actor_08/03-01-06-01-01-02-08.wav
458,8,female,fearful,data/Actor_08/03-01-06-01-02-01-08.wav
459,8,female,fearful,data/Actor_08/03-01-06-01-02-02-08.wav
460,8,female,fearful,data/Actor_08/03-01-06-02-01-01-08.wav
461,8,female,fearful,data/Actor_08/03-01-06-02-01-02-08.wav
462,8,female,fearful,data/Actor_08/03-01-06-02-02-01-08.wav
463,8,female,fearful,data/Actor_08/03-01-06-02-02-02-08.wav
464,8,female,disgust,data/Actor_08/03-01-07-01-01-01-08.wav
465,8,female,disgust,data/Actor_08/03-01-07-01-01-02-08.wav
466,8,female,disgust,data/Actor_08/03-01-07-01-02-01-08.wav
467,8,female,disgust,data/Actor_08/03-01-07-01-02-02-08.wav
468,8,female,disgust,data/Actor_08/03-01-07-02-01-01-08.wav
469,8,female,disgust,data/Actor_08/03-01-07-02-01-02-08.wav
470,8,female,disgust,data/Actor_08/03-01-07-02-02-01-08.wav
471,8,female,disgust,data/Actor_08/03-01-07-02-02-02-08.wav
472,8,female,surprised,data/Actor_08/03-01-08-01-01-01-08.wav
473,8,female,surprised,data/Actor_08/03-01-08-01-01-02-08.wav
474,8,female,surprised,data/Actor_08/03-01-08-01-02-01-08.wav
475,8,female,surprised,data/Actor_08/03-01-08-01-02-02-08.wav
476,8,female,surprised,data/Actor_08/03-01-08-02-01-01-08.wav
477,8,female,surprised,data/Actor_08/03-01-08-02-01-02-08.wav
478,8,female,surprised,data/Actor_08/03-01-08-02-02-01-08.wav
479,8,female,surprised,data/Actor_08/03-01-08-02-02-02-08.wav
480,9,male,neutral,data/Actor_09/03-01-01-01-01-01-09.wav
481,9,male,neutral,data/Actor_09/03-01-01-01-01-02-09.wav
482,9,male,neutral,data/Actor_09/03-01-01-01-02-01-09.wav
483,9,male,neutral,data/Actor_09/03-01-01-01-02-02-09.wav
484,9,male,calm,data/Actor_09/03-01-02-01-01-01-09.wav
485,9,male,calm,data/Actor_09/03-01-02-01-01-02-09.wav
486,9,male,calm,data/Actor_09/03-01-02-01-02-01-09.wav
487,9,male,calm,data/Actor_09/03-01-02-01-02-02-09.wav
488,9,male,calm,data/Actor_09/03-01-02-02-01-01-09.wav
489,9,male,calm,data/Actor_09/03-01-02-02-01-02-09.wav
490,9,male,calm,data/Actor_09/03-01-02-02-02-01-09.wav
491,9,male,calm,data/Actor_09/03-01-02-02-02-02-09.wav
492,9,male,happy,data/Actor_09/03-01-03-01-01-01-09.wav
493,9,male,happy,data/Actor_09/03-01-03-01-01-02-09.wav
494,9,male,happy,data/Actor_09/03-01-03-01-02-01-09.wav
495,9,male,happy,data/Actor_09/03-01-03-01-02-02-09.wav
496,9,male,happy,data/Actor_09/03-01-03-02-01-01-09.wav
497,9,male,happy,data/Actor_09/03-01-03-02-01-02-09.wav
498,9,male,happy,data/Actor_09/03-01-03-02-02-01-09.wav
499,9,male,happy,data/Actor_09/03-01-03-02-02-02-09.wav
500,9,male,sad,data/Actor_09/03-01-04-01-01-01-09.wav
501,9,male,sad,data/Actor_09/03-01-04-01-01-02-09.wav
502,9,male,sad,data/Actor_09/03-01-04-01-02-01-09.wav
503,9,male,sad,data/Actor_09/03-01-04-01-02-02-09.wav
504,9,male,sad,data/Actor_09/03-01-04-02-01-01-09.wav
505,9,male,sad,data/Actor_09/03-01-04-02-01-02-09.wav
506,9,male,sad,data/Actor_09/03-01-04-02-02-01-09.wav
507,9,male,sad,data/Actor_09/03-01-04-02-02-02-09.wav
508,9,male,angry,data/Actor_09/03-01-05-01-01-01-09.wav
509,9,male,angry,data/Actor_09/03-01-05-01-01-02-09.wav
510,9,male,angry,data/Actor_09/03-01-05-01-02-01-09.wav
511,9,male,angry,data/Actor_09/03-01-05-01-02-02-09.wav
512,9,male,angry,data/Actor_09/03-01-05-02-01-01-09.wav
513,9,male,angry,data/Actor_09/03-01-05-02-01-02-09.wav
514,9,male,angry,data/Actor_09/03-01-05-02-02-01-09.wav
515,9,male,angry,data/Actor_09/03-01-05-02-02-02-09.wav
516,9,male,fearful,data/Actor_09/03-01-06-01-01-01-09.wav
517,9,male,fearful,data/Actor_09/03-01-06-01-01-02-09.wav
518,9,male,fearful,data/Actor_09/03-01-06-01-02-01-09.wav
519,9,male,fearful,data/Actor_09/03-01-06-01-02-02-09.wav
520,9,male,fearful,data/Actor_09/03-01-06-02-01-01-09.wav
521,9,male,fearful,data/Actor_09/03-01-06-02-01-02-09.wav
522,9,male,fearful,data/Actor_09/03-01-06-02-02-01-09.wav
523,9,male,fearful,data/Actor_09/03-01-06-02-02-02-09.wav
524,9,male,disgust,data/Actor_09/03-01-07-01-01-01-09.wav
525,9,male,disgust,data/Actor_09/03-01-07-01-01-02-09.wav
526,9,male,disgust,data/Actor_09/03-01-07-01-02-01-09.wav
527,9,male,disgust,data/Actor_09/03-01-07-01-02-02-09.wav
528,9,male,disgust,data/Actor_09/03-01-07-02-01-01-09.wav
529,9,male,disgust,data/Actor_09/03-01-07-02-01-02-09.wav
530,9,male,disgust,data/Actor_09/03-01-07-02-02-01-09.wav
531,9,male,disgust,data/Actor_09/03-01-07-02-02-02-09.wav
532,9,male,surprised,data/Actor_09/03-01-08-01-01-01-09.wav
533,9,male,surprised,data/Actor_09/03-01-08-01-01-02-09.wav
534,9,male,surprised,data/Actor_09/03-01-08-01-02-01-09.wav
535,9,male,surprised,data/Actor_09/03-01-08-01-02-02-09.wav
536,9,male,surprised,data/Actor_09/03-01-08-02-01-01-09.wav
537,9,male,surprised,data/Actor_09/03-01-08-02-01-02-09.wav
538,9,male,surprised,data/Actor_09/03-01-08-02-02-01-09.wav
539,9,male,surprised,data/Actor_09/03-01-08-02-02-02-09.wav
540,10,female,neutral,data/Actor_10/03-01-01-01-01-01-10.wav
541,10,female,neutral,data/Actor_10/03-01-01-01-01-02-10.wav
542,10,female,neutral,data/Actor_10/03-01-01-01-02-01-10.wav
543,10,female,neutral,data/Actor_10/03-01-01-01-02-02-10.wav
544,10,female,calm,data/Actor_10/03-01-02-01-01-01-10.wav
545,10,female,calm,data/Actor_10/03-01-02-01-01-02-10.wav
546,10,female,calm,data/Actor_10/03-01-02-01-02-01-10.wav
547,10,female,calm,data/Actor_10/03-01-02-01-02-02-10.wav
548,10,female,calm,data/Actor_10/03-01-02-02-01-01-10.wav
549,10,female,calm,data/Actor_10/03-01-02-02-01-02-10.wav
550,10,female,calm,data/Actor_10/03-01-02-02-02-01-10.wav
551,10,female,calm,data/Actor_10/03-01-02-02-02-02-10.wav
552,10,female,happy,data/Actor_10/03-01-03-01-01-01-10.wav
553,10,female,happy,data/Actor_10/03-01-03-01-01-02-10.wav
554,10,female,happy,data/Actor_10/03-01-03-01-02-01-10.wav
555,10,female,happy,data/Actor_10/03-01-03-01-02-02-10.wav
556,10,female,happy,data/Actor_10/03-01-03-02-01-01-10.wav
557,10,female,happy,data/Actor_10/03-01-03-02-01-02-10.wav
558,10,female,happy,data/Actor_10/03-01-03-02-02-01-10.wav
559,10,female,happy,data/Actor_10/03-01-03-02-02-02-10.wav
560,10,female,sad,data/Actor_10/03-01-04-01-01-01-10.wav
561,10,female,sad,data/Actor_10/03-01-04-01-01-02-10.wav
562,10,female,sad,data/Actor_10/03-01-04-01-02-01-10.wav
563,10,female,sad,data/Actor_10/03-01-04-01-02-02-10.wav
564,10,female,sad,data/Actor_10/03-01-04-02-01-01-10.wav
565,10,female,sad,data/Actor_10/03-01-04-02-01-02-10.wav
566,10,female,sad,data/Actor_10/03-01-04-02-02-01-10.wav
567,10,female,sad,data/Actor_10/03-01-04-02-02-02-10.wav
568,10,female,angry,data/Actor_10/03-01-05-01-01-01-10.wav
569,10,female,angry,data/Actor_10/03-01-05-01-01-02-10.wav
570,10,female,angry,data/Actor_10/03-01-05-01-02-01-10.wav
571,10,female,angry,data/Actor_10/03-01-05-01-02-02-10.wav
572,10,female,angry,data/Actor_10/03-01-05-02-01-01-10.wav
573,10,female,angry,data/Actor_10/03-01-05-02-01-02-10.wav
574,10,female,angry,data/Actor_10/03-01-05-02-02-01-10.wav
575,10,female,angry,data/Actor_10/03-01-05-02-02-02-10.wav
576,10,female,fearful,data/Actor_10/03-01-06-01-01-01-10.wav
577,10,female,fearful,data/Actor_10/03-01-06-01-01-02-10.wav
578,10,female,fearful,data/Actor_10/03-01-06-01-02-01-10.wav
579,10,female,fearful,data/Actor_10/03-01-06-01-02-02-10.wav
580,10,female,fearful,data/Actor_10/03-01-06-02-01-01-10.wav
581,10,female,fearful,data/Actor_10/03-01-06-02-01-02-10.wav
582,10,female,fearful,data/Actor_10/03-01-06-02-02-01-10.wav
583,10,female,fearful,data/Actor_10/03-01-06-02-02-02-10.wav
584,10,female,disgust,data/Actor_10/03-01-07-01-01-01-10.wav
585,10,female,disgust,data/Actor_10/03-01-07-01-01-02-10.wav
586,10,female,disgust,data/Actor_10/03-01-07-01-02-01-10.wav
587,10,female,disgust,data/Actor_10/03-01-07-01-02-02-10.wav
588,10,female,disgust,data/Actor_10/03-01-07-02-01-01-10.wav
589,10,female,disgust,data/Actor_10/03-01-07-02-01-02-10.wav
590,10,female,disgust,data/Actor_10/03-01-07-02-02-01-10.wav
591,10,female,disgust,data/Actor_10/03-01-07-02-02-02-10.wav
592,10,female,surprised,data/Actor_10/03-01-08-01-01-01-10.wav
593,10,female,surprised,data/Actor_10/03-01-08-01-01-02-10.wav
594,10,female,surprised,data/Actor_10/03-01-08-01-02-01-10.wav
595,10,female,surprised,data/Actor_10/03-01-08-01-02-02-10.wav
596,10,female,surprised,data/Actor_10/03-01-08-02-01-01-10.wav
597,10,female,surprised,data/Actor_10/03-01-08-02-01-02-10.wav
598,10,female,surprised,data/Actor_10/03-01-08-02-02-01-10.wav
599,10,female,surprised,data/Actor_10/03-01-08-02-02-02-10.wav
600,11,male,neutral,data/Actor_11/03-01-01-01-01-01-11.wav
601,11,male,neutral,data/Actor_11/03-01-01-01-01-02-11.wav
602,11,male,neutral,data/Actor_11/03-01-01-01-02-01-11.wav
603,11,male,neutral,data/Actor_11/03-01-01-01-02-02-11.wav
604,11,male,calm,data/Actor_11/03-01-02-01-01-01-11.wav
605,11,male,calm,data/Actor_11/03-01-02-01-01-02-11.wav
606,11,male,calm,data/Actor_11/03-01-02-01-02-01-11.wav
607,11,male,calm,data/Actor_11/03-01-02-01-02-02-11.wav
608,11,male,calm,data/Actor_11/03-01-02-02-01-01-11.wav
609,11,male,calm,data/Actor_11/03-01-02-02-01-02-11.wav
610,11,male,calm,data/Actor_11/03-01-02-02-02-01-11.wav
611,11,male,calm,data/Actor_11/03-01-02-02-02-02-11.wav
612,11,male,happy,data/Actor_11/03-01-03-01-01-01-11.wav
613,11,male,happy,data/Actor_11/03-01-03-01-01-02-11.wav
614,11,male,happy,data/Actor_11/03-01-03-01-02-01-11.wav
615,11,male,happy,data/Actor_11/03-01-03-01-02-02-11.wav
616,11,male,happy,data/Actor_11/03-01-03-02-01-01-11.wav
617,11,male,happy,data/Actor_11/03-01-03-02-01-02-11.wav
618,11,male,happy,data/Actor_11/03-01-03-02-02-01-11.wav
619,11,male,happy,data/Actor_11/03-01-03-02-02-02-11.wav
620,11,male,sad,data/Actor_11/03-01-04-01-01-01-11.wav
621,11,male,sad,data/Actor_11/03-01-04-01-01-02-11.wav
622,11,male,sad,data/Actor_11/03-01-04-01-02-01-11.wav
623,11,male,sad,data/Actor_11/03-01-04-01-02-02-11.wav
624,11,male,sad,data/Actor_11/03-01-04-02-01-01-11.wav
625,11,male,sad,data/Actor_11/03-01-04-02-01-02-11.wav
626,11,male,sad,data/Actor_11/03-01-04-02-02-01-11.wav
627,11,male,sad,data/Actor_11/03-01-04-02-02-02-11.wav
628,11,male,angry,data/Actor_11/03-01-05-01-01-01-11.wav
629,11,male,angry,data/Actor_11/03-01-05-01-01-02-11.wav
630,11,male,angry,data/Actor_11/03-01-05-01-02-01-11.wav
631,11,male,angry,data/Actor_11/03-01-05-01-02-02-11.wav
632,11,male,angry,data/Actor_11/03-01-05-02-01-01-11.wav
633,11,male,angry,data/Actor_11/03-01-05-02-01-02-11.wav
634,11,male,angry,data/Actor_11/03-01-05-02-02-01-11.wav
635,11,male,angry,data/Actor_11/03-01-05-02-02-02-11.wav
636,11,male,fearful,data/Actor_11/03-01-06-01-01-01-11.wav
637,11,male,fearful,data/Actor_11/03-01-06-01-01-02-11.wav
638,11,male,fearful,data/Actor_11/03-01-06-01-02-01-11.wav
639,11,male,fearful,data/Actor_11/03-01-06-01-02-02-11.wav
640,11,male,fearful,data/Actor_11/03-01-06-02-01-01-11.wav
641,11,male,fearful,data/Actor_11/03-01-06-02-01-02-11.wav
642,11,male,fearful,data/Actor_11/03-01-06-02-02-01-11.wav
643,11,male,fearful,data/Actor_11/03-01-06-02-02-02-11.wav
644,11,male,disgust,data/Actor_11/03-01-07-01-01-01-11.wav
645,11,male,disgust,data/Actor_11/03-01-07-01-01-02-11.wav
646,11,male,disgust,data/Actor_11/03-01-07-01-02-01-11.wav
647,11,male,disgust,data/Actor_11/03-01-07-01-02-02-11.wav
648,11,male,disgust,data/Actor_11/03-01-07-02-01-01-11.wav
649,11,male,disgust,data/Actor_11/03-01-07-02-01-02-11.wav
650,11,male,disgust,data/Actor_11/03-01-07-02-02-01-11.wav
651,11,male,disgust,data/Actor_11/03-01-07-02-02-02-11.wav
652,11,male,surprised,data/Actor_11/03-01-08-01-01-01-11.wav
653,11,male,surprised,data/Actor_11/03-01-08-01-01-02-11.wav
654,11,male,surprised,data/Actor_11/03-01-08-01-02-01-11.wav
655,11,male,surprised,data/Actor_11/03-01-08-01-02-02-11.wav
656,11,male,surprised,data/Actor_11/03-01-08-02-01-01-11.wav
657,11,male,surprised,data/Actor_11/03-01-08-02-01-02-11.wav
658,11,male,surprised,data/Actor_11/03-01-08-02-02-01-11.wav
659,11,male,surprised,data/Actor_11/03-01-08-02-02-02-11.wav
660,12,female,neutral,data/Actor_12/03-01-01-01-01-01-12.wav
661,12,female,neutral,data/Actor_12/03-01-01-01-01-02-12.wav
662,12,female,neutral,data/Actor_12/03-01-01-01-02-01-12.wav
663,12,female,neutral,data/Actor_12/03-01-01-01-02-02-12.wav
664,12,female,calm,data/Actor_12/03-01-02-01-01-01-12.wav
665,12,female,calm,data/Actor_12/03-01-02-01-01-02-12.wav
666,12,female,calm,data/Actor_12/03-01-02-01-02-01-12.wav
667,12,female,calm,data/Actor_12/03-01-02-01-02-02-12.wav
668,12,female,calm,data/Actor_12/03-01-02-02-01-01-12.wav
669,12,female,calm,data/Actor_12/03-01-02-02-01-02-12.wav
670,12,female,calm,data/Actor_12/03-01-02-02-02-01-12.wav
671,12,female,calm,data/Actor_12/03-01-02-02-02-02-12.wav
672,12,female,happy,data/Actor_12/03-01-03-01-01-01-12.wav
673,12,female,happy,data/Actor_12/03-01-03-01-01-02-12.wav
674,12,female,happy,data/Actor_12/03-01-03-01-02-01-12.wav
675,12,female,happy,data/Actor_12/03-01-03-01-02-02-12.wav
676,12,female,happy,data/Actor_12/03-01-03-02-01-01-12.wav
677,12,female,happy,data/Actor_12/03-01-03-02-01-02-12.wav
678,12,female,happy,data/Actor_12/03-01-03-02-02-01-12.wav
679,12,female,happy,data/Actor_12/03-01-03-02-02-02-12.wav
680,12,female,sad,data/Actor_12/03-01-04-01-01-01-12.wav
681,12,female,sad,data/Actor_12/03-01-04-01-01-02-12.wav
682,12,female,sad,data/Actor_12/03-01-04-01-02-01-12.wav
683,12,female,sad,data/Actor_12/03-01-04-01-02-02-12.wav
684,12,female,sad,data/Actor_12/03-01-04-02-01-01-12.wav
685,12,female,sad,data/Actor_12/03-01-04-02-01-02-12.wav
686,12,female,sad,data/Actor_12/03-01-04-02-02-01-12.wav
687,12,female,sad,data/Actor_12/03-01-04-02-02-02-12.wav
688,12,female,angry,data/Actor_12/03-01-05-01-01-01-12.wav
689,12,female,angry,data/Actor_12/03-01-05-01-01-02-12.wav
690,12,female,angry,data/Actor_12/03-01-05-01-02-01-12.wav
691,12,female,angry,data/Actor_12/03-01-05-01-02-02-12.wav
692,12,female,angry,data/Actor_12/03-01-05-02-01-01-12.wav
693,12,female,angry,data/Actor_12/03-01-05-02-01-02-12.wav
694,12,female,angry,data/Actor_12/03-01-05-02-02-01-12.wav
695,12,female,angry,data/Actor_12/03-01-05-02-02-02-12.wav
696,12,female,fearful,data/Actor_12/03-01-06-01-01-01-12.wav
697,12,female,fearful,data/Actor_12/03-01-06-01-01-02-12.wav
698,12,female,fearful,data/Actor_12/03-01-06-01-02-01-12.wav
699,12,female,fearful,data/Actor_12/03-01-06-01-02-02-12.wav
700,12,female,fearful,data/Actor_12/03-01-06-02-01-01-12.wav
701,12,female,fearful,data/Actor_12/03-01-06-02-01-02-12.wav
702,12,female,fearful,data/Actor_12/03-01-06-02-02-01-12.wav
703,12,female,fearful,data/Actor_12/03-01-06-02-02-02-12.wav
704,12,female,disgust,data/Actor_12/03-01-07-01-01-01-12.wav
705,12,female,disgust,data/Actor_12/03-01-07-01-01-02-12.wav
706,12,female,disgust,data/Actor_12/03-01-07-01-02-01-12.wav
707,12,female,disgust,data/Actor_12/03-01-07-01-02-02-12.wav
708,12,female,disgust,data/Actor_12/03-01-07-02-01-01-12.wav
709,12,female,disgust,data/Actor_12/03-01-07-02-01-02-12.wav
710,12,female,disgust,data/Actor_12/03-01-07-02-02-01-12.wav
711,12,female,disgust,data/Actor_12/03-01-07-02-02-02-12.wav
712,12,female,surprised,data/Actor_12/03-01-08-01-01-01-12.wav
713,12,female,surprised,data/Actor_12/03-01-08-01-01-02-12.wav
714,12,female,surprised,data/Actor_12/03-01-08-01-02-01-12.wav
715,12,female,surprised,data/Actor_12/03-01-08-01-02-02-12.wav
716,12,female,surprised,data/Actor_12/03-01-08-02-01-01-12.wav
717,12,female,surprised,data/Actor_12/03-01-08-02-01-02-12.wav
718,12,female,surprised,data/Actor_12/03-01-08-02-02-01-12.wav
719,12,female,surprised,data/Actor_12/03-01-08-02-02-02-12.wav
720,13,male,neutral,data/Actor_13/03-01-01-01-01-01-13.wav
721,13,male,neutral,data/Actor_13/03-01-01-01-01-02-13.wav
722,13,male,neutral,data/Actor_13/03-01-01-01-02-01-13.wav
723,13,male,neutral,data/Actor_13/03-01-01-01-02-02-13.wav
724,13,male,calm,data/Actor_13/03-01-02-01-01-01-13.wav
725,13,male,calm,data/Actor_13/03-01-02-01-01-02-13.wav
726,13,male,calm,data/Actor_13/03-01-02-01-02-01-13.wav
727,13,male,calm,data/Actor_13/03-01-02-01-02-02-13.wav
728,13,male,calm,data/Actor_13/03-01-02-02-01-01-13.wav
729,13,male,calm,data/Actor_13/03-01-02-02-01-02-13.wav
730,13,male,calm,data/Actor_13/03-01-02-02-02-01-13.wav
731,13,male,calm,data/Actor_13/03-01-02-02-02-02-13.wav
732,13,male,happy,data/Actor_13/03-01-03-01-01-01-13.wav
733,13,male,happy,data/Actor_13/03-01-03-01-01-02-13.wav
734,13,male,happy,data/Actor_13/03-01-03-01-02-01-13.wav
735,13,male,happy,data/Actor_13/03-01-03-01-02-02-13.wav
736,13,male,happy,data/Actor_13/03-01-03-02-01-01-13.wav
737,13,male,happy,data/Actor_13/03-01-03-02-01-02-13.wav
738,13,male,happy,data/Actor_13/03-01-03-02-02-01-13.wav
739,13,male,happy,data/Actor_13/03-01-03-02-02-02-13.wav
740,13,male,sad,data/Actor_13/03-01-04-01-01-01-13.wav
741,13,male,sad,data/Actor_13/03-01-04-01-01-02-13.wav
742,13,male,sad,data/Actor_13/03-01-04-01-02-01-13.wav
743,13,male,sad,data/Actor_13/03-01-04-01-02-02-13.wav
744,13,male,sad,data/Actor_13/03-01-04-02-01-01-13.wav
745,13,male,sad,data/Actor_13/03-01-04-02-01-02-13.wav
746,13,male,sad,data/Actor_13/03-01-04-02-02-01-13.wav
747,13,male,sad,data/Actor_13/03-01-04-02-02-02-13.wav
748,13,male,angry,data/Actor_13/03-01-05-01-01-01-13.wav
749,13,male,angry,data/Actor_13/03-01-05-01-01-02-13.wav
750,13,male,angry,data/Actor_13/03-01-05-01-02-01-13.wav
751,13,male,angry,data/Actor_13/03-01-05-01-02-02-13.wav
752,13,male,angry,data/Actor_13/03-01-05-02-01-01-13.wav
753,13,male,angry,data/Actor_13/03-01-05-02-01-02-13.wav
754,13,male,angry,data/Actor_13/03-01-05-02-02-01-13.wav
755,13,male,angry,data/Actor_13/03-01-05-02-02-02-13.wav
756,13,male,fearful,data/Actor_13/03-01-06-01-01-01-13.wav
757,13,male,fearful,data/Actor_13/03-01-06-01-01-02-13.wav
758,13,male,fearful,data/Actor_13/03-01-06-01-02-01-13.wav
759,13,male,fearful,data/Actor_13/03-01-06-01-02-02-13.wav
760,13,male,fearful,data/Actor_13/03-01-06-02-01-01-13.wav
761,13,male,fearful,data/Actor_13/03-01-06-02-01-02-13.wav
762,13,male,fearful,data/Actor_13/03-01-06-02-02-01-13.wav
763,13,male,fearful,data/Actor_13/03-01-06-02-02-02-13.wav
764,13,male,disgust,data/Actor_13/03-01-07-01-01-01-13.wav
765,13,male,disgust,data/Actor_13/03-01-07-01-01-02-13.wav
766,13,male,disgust,data/Actor_13/03-01-07-01-02-01-13.wav
767,13,male,disgust,data/Actor_13/03-01-07-01-02-02-13.wav
768,13,male,disgust,data/Actor_13/03-01-07-02-01-01-13.wav
769,13,male,disgust,data/Actor_13/03-01-07-02-01-02-13.wav
770,13,male,disgust,data/Actor_13/03-01-07-02-02-01-13.wav
771,13,male,disgust,data/Actor_13/03-01-07-02-02-02-13.wav
772,13,male,surprised,data/Actor_13/03-01-08-01-01-01-13.wav
773,13,male,surprised,data/Actor_13/03-01-08-01-01-02-13.wav
774,13,male,surprised,data/Actor_13/03-01-08-01-02-01-13.wav
775,13,male,surprised,data/Actor_13/03-01-08-01-02-02-13.wav
776,13,male,surprised,data/Actor_13/03-01-08-02-01-01-13.wav
777,13,male,surprised,data/Actor_13/03-01-08-02-01-02-13.wav
778,13,male,surprised,data/Actor_13/03-01-08-02-02-01-13.wav
779,13,male,surprised,data/Actor_13/03-01-08-02-02-02-13.wav
780,14,female,neutral,data/Actor_14/03-01-01-01-01-01-14.wav
781,14,female,neutral,data/Actor_14/03-01-01-01-01-02-14.wav
782,14,female,neutral,data/Actor_14/03-01-01-01-02-01-14.wav
783,14,female,neutral,data/Actor_14/03-01-01-01-02-02-14.wav
784,14,female,calm,data/Actor_14/03-01-02-01-01-01-14.wav
785,14,female,calm,data/Actor_14/03-01-02-01-01-02-14.wav
786,14,female,calm,data/Actor_14/03-01-02-01-02-01-14.wav
787,14,female,calm,data/Actor_14/03-01-02-01-02-02-14.wav
788,14,female,calm,data/Actor_14/03-01-02-02-01-01-14.wav
789,14,female,calm,data/Actor_14/03-01-02-02-01-02-14.wav
790,14,female,calm,data/Actor_14/03-01-02-02-02-01-14.wav
791,14,female,calm,data/Actor_14/03-01-02-02-02-02-14.wav
792,14,female,happy,data/Actor_14/03-01-03-01-01-01-14.wav
793,14,female,happy,data/Actor_14/03-01-03-01-01-02-14.wav
794,14,female,happy,data/Actor_14/03-01-03-01-02-01-14.wav
795,14,female,happy,data/Actor_14/03-01-03-01-02-02-14.wav
796,14,female,happy,data/Actor_14/03-01-03-02-01-01-14.wav
797,14,female,happy,data/Actor_14/03-01-03-02-01-02-14.wav
798,14,female,happy,data/Actor_14/03-01-03-02-02-01-14.wav
799,14,female,happy,data/Actor_14/03-01-03-02-02-02-14.wav
800,14,female,sad,data/Actor_14/03-01-04-01-01-01-14.wav
801,14,female,sad,data/Actor_14/03-01-04-01-01-02-14.wav
802,14,female,sad,data/Actor_14/03-01-04-01-02-01-14.wav
803,14,female,sad,data/Actor_14/03-01-04-01-02-02-14.wav
804,14,female,sad,data/Actor_14/03-01-04-02-01-01-14.wav
805,14,female,sad,data/Actor_14/03-01-04-02-01-02-14.wav
806,14,female,sad,data/Actor_14/03-01-04-02-02-01-14.wav
807,14,female,sad,data/Actor_14/03-01-04-02-02-02-14.wav
808,14,female,angry,data/Actor_14/03-01-05-01-01-01-14.wav
809,14,female,angry,data/Actor_14/03-01-05-01-01-02-14.wav
810,14,female,angry,data/Actor_14/03-01-05-01-02-01-14.wav
811,14,female,angry,data/Actor_14/03-01-05-01-02-02-14.wav
812,14,female,angry,data/Actor_14/03-01-05-02-01-01-14.wav
813,14,female,angry,data/Actor_14/03-01-05-02-01-02-14.wav
814,14,female,angry,data/Actor_14/03-01-05-02-02-01-14.wav
815,14,female,angry,data/Actor_14/03-01-05-02-02-02-14.wav
816,14,female,fearful,data/Actor_14/03-01-06-01-01-01-14.wav
817,14,female,fearful,data/Actor_14/03-01-06-01-01-02-14.wav
818,14,female,fearful,data/Actor_14/03-01-06-01-02-01-14.wav
819,14,female,fearful,data/Actor_14/03-01-06-01-02-02-14.wav
820,14,female,fearful,data/Actor_14/03-01-06-02-01-01-14.wav
821,14,female,fearful,data/Actor_14/03-01-06-02-01-02-14.wav
822,14,female,fearful,data/Actor_14/03-01-06-02-02-01-14.wav
823,14,female,fearful,data/Actor_14/03-01-06-02-02-02-14.wav
824,14,female,disgust,data/Actor_14/03-01-07-01-01-01-14.wav
825,14,female,disgust,data/Actor_14/03-01-07-01-01-02-14.wav
826,14,female,disgust,data/Actor_14/03-01-07-01-02-01-14.wav
827,14,female,disgust,data/Actor_14/03-01-07-01-02-02-14.wav
828,14,female,disgust,data/Actor_14/03-01-07-02-01-01-14.wav
829,14,female,disgust,data/Actor_14/03-01-07-02-01-02-14.wav
830,14,female,disgust,data/Actor_14/03-01-07-02-02-01-14.wav
831,14,female,disgust,data/Actor_14/03-01-07-02-02-02-14.wav
832,14,female,surprised,data/Actor_14/03-01-08-01-01-01-14.wav
833,14,female,surprised,data/Actor_14/03-01-08-01-01-02-14.wav
834,14,female,surprised,data/Actor_14/03-01-08-01-02-01-14.wav
835,14,female,surprised,data/Actor_14/03-01-08-01-02-02-14.wav
836,14,female,surprised,data/Actor_14/03-01-08-02-01-01-14.wav
837,14,female,surprised,data/Actor_14/03-01-08-02-01-02-14.wav
838,14,female,surprised,data/Actor_14/03-01-08-02-02-01-14.wav
839,14,female,surprised,data/Actor_14/03-01-08-02-02-02-14.wav
840,15,male,neutral,data/Actor_15/03-01-01-01-01-01-15.wav
841,15,male,neutral,data/Actor_15/03-01-01-01-01-02-15.wav
842,15,male,neutral,data/Actor_15/03-01-01-01-02-01-15.wav
843,15,male,neutral,data/Actor_15/03-01-01-01-02-02-15.wav
844,15,male,calm,data/Actor_15/03-01-02-01-01-01-15.wav
845,15,male,calm,data/Actor_15/03-01-02-01-01-02-15.wav
846,15,male,calm,data/Actor_15/03-01-02-01-02-01-15.wav
847,15,male,calm,data/Actor_15/03-01-02-01-02-02-15.wav
848,15,male,calm,data/Actor_15/03-01-02-02-01-01-15.wav
849,15,male,calm,data/Actor_15/03-01-02-02-01-02-15.wav
850,15,male,calm,data/Actor_15/03-01-02-02-02-01-15.wav
851,15,male,calm,data/Actor_15/03-01-02-02-02-02-15.wav
852,15,male,happy,data/Actor_15/03-01-03-01-01-01-15.wav
853,15,male,happy,data/Actor_15/03-01-03-01-01-02-15.wav
854,15,male,happy,data/Actor_15/03-01-03-01-02-01-15.wav
855,15,male,happy,data/Actor_15/03-01-03-01-02-02-15.wav
856,15,male,happy,data/Actor_15/03-01-03-02-01-01-15.wav
857,15,male,happy,data/Actor_15/03-01-03-02-01-02-15.wav
858,15,male,happy,data/Actor_15/03-01-03-02-02-01-15.wav
859,15,male,happy,data/Actor_15/03-01-03-02-02-02-15.wav
860,15,male,sad,data/Actor_15/03-01-04-01-01-01-15.wav
861,15,male,sad,data/Actor_15/03-01-04-01-01-02-15.wav
862,15,male,sad,data/Actor_15/03-01-04-01-02-01-15.wav
863,15,male,sad,data/Actor_15/03-01-04-01-02-02-15.wav
864,15,male,sad,data/Actor_15/03-01-04-02-01-01-15.wav
865,15,male,sad,data/Actor_15/03-01-04-02-01-02-15.wav
866,15,male,sad,data/Actor_15/03-01-04-02-02-01-15.wav
867,15,male,sad,data/Actor_15/03-01-04-02-02-02-15.wav
868,15,male,angry,data/Actor_15/03-01-05-01-01-01-15.wav
869,15,male,angry,data/Actor_15/03-01-05-01-01-02-15.wav
870,15,male,angry,data/Actor_15/03-01-05-01-02-01-15.wav
871,15,male,angry,data/Actor_15/03-01-05-01-02-02-15.wav
872,15,male,angry,data/Actor_15/03-01-05-02-01-01-15.wav
873,15,male,angry,data/Actor_15/03-01-05-02-01-02-15.wav
874,15,male,angry,data/Actor_15/03-01-05-02-02-01-15.wav
875,15,male,angry,data/Actor_15/03-01-05-02-02-02-15.wav
876,15,male,fearful,data/Actor_15/03-01-06-01-01-01-15.wav
877,15,male,fearful,data/Actor_15/03-01-06-01-01-02-15.wav
878,15,male,fearful,data/Actor_15/03-01-06-01-02-01-15.wav
879,15,male,fearful,data/Actor_15/03-01-06-01-02-02-15.wav
880,15,male,fearful,data/Actor_15/03-01-06-02-01-01-15.wav
881,15,male,fearful,data/Actor_15/03-01-06-02-01-02-15.wav
882,15,male,fearful,data/Actor_15/03-01-06-02-02-01-15.wav
883,15,male,fearful,data/Actor_15/03-01-06-02-02-02-15.wav
884,15,male,disgust,data/Actor_15/03-01-07-01-01-01-15.wav
885,15,male,disgust,data/Actor_15/03-01-07-01-01-02-15.wav
886,15,male,disgust,data/Actor_15/03-01-07-01-02-01-15.wav
887,15,male,disgust,data/Actor_15/03-01-07-01-02-02-15.wav
888,15,male,disgust,data/Actor_15/03-01-07-02-01-01-15.wav
889,15,male,disgust,data/Actor_15/03-01-07-02-01-02-15.wav
890,15,male,disgust,data/Actor_15/03-01-07-02-02-01-15.wav
891,15,male,disgust,data/Actor_15/03-01-07-02-02-02-15.wav
892,15,male,surprised,data/Actor_15/03-01-08-01-01-01-15.wav
893,15,male,surprised,data/Actor_15/03-01-08-01-01-02-15.wav
894,15,male,surprised,data/Actor_15/03-01-08-01-02-01-15.wav
895,15,male,surprised,data/Actor_15/03-01-08-01-02-02-15.wav
896,15,male,surprised,data/Actor_15/03-01-08-02-01-01-15.wav
897,15,male,surprised,data/Actor_15/03-01-08-02-01-02-15.wav
898,15,male,surprised,data/Actor_15/03-01-08-02-02-01-15.wav
899,15,male,surprised,data/Actor_15/03-01-08-02-02-02-15.wav
900,16,female,neutral,data/Actor_16/03-01-01-01-01-01-16.wav
901,16,female,neutral,data/Actor_16/03-01-01-01-01-02-16.wav
902,16,female,neutral,data/Actor_16/03-01-01-01-02-01-16.wav
903,16,female,neutral,data/Actor_16/03-01-01-01-02-02-16.wav
904,16,female,calm,data/Actor_16/03-01-02-01-01-01-16.wav
905,16,female,calm,data/Actor_16/03-01-02-01-01-02-16.wav
906,16,female,calm,data/Actor_16/03-01-02-01-02-01-16.wav
907,16,female,calm,data/Actor_16/03-01-02-01-02-02-16.wav
908,16,female,calm,data/Actor_16/03-01-02-02-01-01-16.wav
909,16,female,calm,data/Actor_16/03-01-02-02-01-02-16.wav
910,16,female,calm,data/Actor_16/03-01-02-02-02-01-16.wav
911,16,female,calm,data/Actor_16/03-01-02-02-02-02-16.wav
912,16,female,happy,data/Actor_16/03-01-03-01-01-01-16.wav
913,16,female,happy,data/Actor_16/03-01-03-01-01-02-16.wav
914,16,female,happy,data/Actor_16/03-01-03-01-02-01-16.wav
915,16,female,happy,data/Actor_16/03-01-03-01-02-02-16.wav
916,16,female,happy,data/Actor_16/03-01-03-02-01-01-16.wav
917,16,female,happy,data/Actor_16/03-01-03-02-01-02-16.wav
918,16,female,happy,data/Actor_16/03-01-03-02-02-01-16.wav
919,16,female,happy,data/Actor_16/03-01-03-02-02-02-16.wav
920,16,female,sad,data/Actor_16/03-01-04-01-01-01-16.wav
921,16,female,sad,data/Actor_16/03-01-04-01-01-02-16.wav
922,16,female,sad,data/Actor_16/03-01-04-01-02-01-16.wav
923,16,female,sad,data/Actor_16/03-01-04-01-02-02-16.wav
924,16,female,sad,data/Actor_16/03-01-04-02-01-01-16.wav
925,16,female,sad,data/Actor_16/03-01-04-02-01-02-16.wav
926,16,female,sad,data/Actor_16/03-01-04-02-02-01-16.wav
927,16,female,sad,data/Actor_16/03-01-04-02-02-02-16.wav
928,16,female,angry,data/Actor_16/03-01-05-01-01-01-16.wav
929,16,female,angry,data/Actor_16/03-01-05-01-01-02-16.wav
930,16,female,angry,data/Actor_16/03-01-05-01-02-01-16.wav
931,16,female,angry,data/Actor_16/03-01-05-01-02-02-16.wav
932,16,female,angry,data/Actor_16/03-01-05-02-01-01-16.wav
933,16,female,angry,data/Actor_16/03-01-05-02-01-02-16.wav
934,16,female,angry,data/Actor_16/03-01-05-02-02-01-16.wav
935,16,female,angry,data/Actor_16/03-01-05-02-02-02-16.wav
936,16,female,fearful,data/Actor_16/03-01-06-01-01-01-16.wav
937,16,female,fearful,data/Actor_16/03-01-06-01-01-02-16.wav
938,16,female,fearful,data/Actor_16/03-01-06-01-02-01-16.wav
939,16,female,fearful,data/Actor_16/03-01-06-01-02-02-16.wav
940,16,female,fearful,data/Actor_16/03-01-06-02-01-01-16.wav
941,16,female,fearful,data/Actor_16/03-01-06-02-01-02-16.wav
942,16,female,fearful,data/Actor_16/03-01-06-02-02-01-16.wav
943,16,female,fearful,data/Actor_16/03-01-06-02-02-02-16.wav
944,16,female,disgust,data/Actor_16/03-01-07-01-01-01-16.wav
945,16,female,disgust,data/Actor_16/03-01-07-01-01-02-16.wav
946,16,female,disgust,data/Actor_16/03-01-07-01-02-01-16.wav
947,16,female,disgust,data/Actor_16/03-01-07-01-02-02-16.wav
948,16,female,disgust,data/Actor_16/03-01-07-02-01-01-16.wav
949,16,female,disgust,data/Actor_16/03-01-07-02-01-02-16.wav
950,16,female,disgust,data/Actor_16/03-01-07-02-02-01-16.wav
951,16,female,disgust,data/Actor_16/03-01-07-02-02-02-16.wav
952,16,female,surprised,data/Actor_16/03-01-08-01-01-01-16.wav
953,16,female,surprised,data/Actor_16/03-01-08-01-01-02-16.wav
954,16,female,surprised,data/Actor_16/03-01-08-01-02-01-16.wav
955,16,female,surprised,data/Actor_16/03-01-08-01-02-02-16.wav
956,16,female,surprised,data/Actor_16/03-01-08-02-01-01-16.wav
957,16,female,surprised,data/Actor_16/03-01-08-02-01-02-16.wav
958,16,female,surprised,data/Actor_16/03-01-08-02-02-01-16.wav
959,16,female,surprised,data/Actor_16/03-01-08-02-02-02-16.wav
960,17,male,neutral,data/Actor_17/03-01-01-01-01-01-17.wav
961,17,male,neutral,data/Actor_17/03-01-01-01-01-02-17.wav
962,17,male,neutral,data/Actor_17/03-01-01-01-02-01-17.wav
963,17,male,neutral,data/Actor_17/03-01-01-01-02-02-17.wav
964,17,male,calm,data/Actor_17/03-01-02-01-01-01-17.wav
965,17,male,calm,data/Actor_17/03-01-02-01-01-02-17.wav
966,17,male,calm,data/Actor_17/03-01-02-01-02-01-17.wav
967,17,male,calm,data/Actor_17/03-01-02-01-02-02-17.wav
968,17,male,calm,data/Actor_17/03-01-02-02-01-01-17.wav
969,17,male,calm,data/Actor_17/03-01-02-02-01-02-17.wav
970,17,male,calm,data/Actor_17/03-01-02-02-02-01-17.wav
971,17,male,calm,data/Actor_17/03-01-02-02-02-02-17.wav
972,17,male,happy,data/Actor_17/03-01-03-01-01-01-17.wav
973,17,male,happy,data/Actor_17/03-01-03-01-01-02-17.wav
974,17,male,happy,data/Actor_17/03-01-03-01-02-01-17.wav
975,17,male,happy,data/Actor_17/03-01-03-01-02-02-17.wav
976,17,male,happy,data/Actor_17/03-01-03-02-01-01-17.wav
977,17,male,happy,data/Actor_17/03-01-03-02-01-02-17.wav
978,17,male,happy,data/Actor_17/03-01-03-02-02-01-17.wav
979,17,male,happy,data/Actor_17/03-01-03-02-02-02-17.wav
980,17,male,sad,data/Actor_17/03-01-04-01-01-01-17.wav
981,17,male,sad,data/Actor_17/03-01-04-01-01-02-17.wav
982,17,male,sad,data/Actor_17/03-01-04-01-02-01-17.wav
983,17,male,sad,data/Actor_17/03-01-04-01-02-02-17.wav
984,17,male,sad,data/Actor_17/03-01-04-02-01-01-17.wav
985,17,male,sad,data/Actor_17/03-01-04-02-01-02-17.wav
986,17,male,sad,data/Actor_17/03-01-04-02-02-01-17.wav
987,17,male,sad,data/Actor_17/03-01-04-02-02-02-17.wav
988,17,male,angry,data/Actor_17/03-01-05-01-01-01-17.wav
989,17,male,angry,data/Actor_17/03-01-05-01-01-02-17.wav
990,17,male,angry,data/Actor_17/03-01-05-01-02-01-17.wav
991,17,male,angry,data/Actor_17/03-01-05-01-02-02-17.wav
992,17,male,angry,data/Actor_17/03-01-05-02-01-01-17.wav
993,17,male,angry,data/Actor_17/03-01-05-02-01-02-17.wav
994,17,male,angry,data/Actor_17/03-01-05-02-02-01-17.wav
995,17,male,angry,data/Actor_17/03-01-05-02-02-02-17.wav
996,17,male,fearful,data/Actor_17/03-01-06-01-01-01-17.wav
997,17,male,fearful,data/Actor_17/03-01-06-01-01-02-17.wav
998,17,male,fearful,data/Actor_17/03-01-06-01-02-01-17.wav
999,17,male,fearful,data/Actor_17/03-01-06-01-02-02-17.wav
1000,17,male,fearful,data/Actor_17/03-01-06-02-01-01-17.wav
1001,17,male,fearful,data/Actor_17/03-01-06-02-01-02-17.wav
1002,17,male,fearful,data/Actor_17/03-01-06-02-02-01-17.wav
1003,17,male,fearful,data/Actor_17/03-01-06-02-02-02-17.wav
1004,17,male,disgust,data/Actor_17/03-01-07-01-01-01-17.wav
1005,17,male,disgust,data/Actor_17/03-01-07-01-01-02-17.wav
1006,17,male,disgust,data/Actor_17/03-01-07-01-02-01-17.wav
1007,17,male,disgust,data/Actor_17/03-01-07-01-02-02-17.wav
1008,17,male,disgust,data/Actor_17/03-01-07-02-01-01-17.wav
1009,17,male,disgust,data/Actor_17/03-01-07-02-01-02-17.wav
1010,17,male,disgust,data/Actor_17/03-01-07-02-02-01-17.wav
1011,17,male,disgust,data/Actor_17/03-01-07-02-02-02-17.wav
1012,17,male,surprised,data/Actor_17/03-01-08-01-01-01-17.wav
1013,17,male,surprised,data/Actor_17/03-01-08-01-01-02-17.wav
1014,17,male,surprised,data/Actor_17/03-01-08-01-02-01-17.wav
1015,17,male,surprised,data/Actor_17/03-01-08-01-02-02-17.wav
1016,17,male,surprised,data/Actor_17/03-01-08-02-01-01-17.wav
1017,17,male,surprised,data/Actor_17/03-01-08-02-01-02-17.wav
1018,17,male,surprised,data/Actor_17/03-01-08-02-02-01-17.wav
1019,17,male,surprised,data/Actor_17/03-01-08-02-02-02-17.wav
1020,18,female,neutral,data/Actor_18/03-01-01-01-01-01-18.wav
1021,18,female,neutral,data/Actor_18/03-01-01-01-01-02-18.wav
1022,18,female,neutral,data/Actor_18/03-01-01-01-02-01-18.wav
1023,18,female,neutral,data/Actor_18/03-01-01-01-02-02-18.wav
1024,18,female,calm,data/Actor_18/03-01-02-01-01-01-18.wav
1025,18,female,calm,data/Actor_18/03-01-02-01-01-02-18.wav
1026,18,female,calm,data/Actor_18/03-01-02-01-02-01-18.wav
1027,18,female,calm,data/Actor_18/03-01-02-01-02-02-18.wav
1028,18,female,calm,data/Actor_18/03-01-02-02-01-01-18.wav
1029,18,female,calm,data/Actor_18/03-01-02-02-01-02-18.wav
1030,18,female,calm,data/Actor_18/03-01-02-02-02-01-18.wav
1031,18,female,calm,data/Actor_18/03-01-02-02-02-02-18.wav
1032,18,female,happy,data/Actor_18/03-01-03-01-01-01-18.wav
1033,18,female,happy,data/Actor_18/03-01-03-01-01-02-18.wav
1034,18,female,happy,data/Actor_18/03-01-03-01-02-01-18.wav
1035,18,female,happy,data/Actor_18/03-01-03-01-02-02-18.wav
1036,18,female,happy,data/Actor_18/03-01-03-02-01-01-18.wav
1037,18,female,happy,data/Actor_18/03-01-03-02-01-02-18.wav
1038,18,female,happy,data/Actor_18/03-01-03-02-02-01-18.wav
1039,18,female,happy,data/Actor_18/03-01-03-02-02-02-18.wav
1040,18,female,sad,data/Actor_18/03-01-04-01-01-01-18.wav
1041,18,female,sad,data/Actor_18/03-01-04-01-01-02-18.wav
1042,18,female,sad,data/Actor_18/03-01-04-01-02-01-18.wav
1043,18,female,sad,data/Actor_18/03-01-04-01-02-02-18.wav
1044,18,female,sad,data/Actor_18/03-01-04-02-01-01-18.wav
1045,18,female,sad,data/Actor_18/03-01-04-02-01-02-18.wav
1046,18,female,sad,data/Actor_18/03-01-04-02-02-01-18.wav
1047,18,female,sad,data/Actor_18/03-01-04-02-02-02-18.wav
1048,18,female,angry,data/Actor_18/03-01-05-01-01-01-18.wav
1049,18,female,angry,data/Actor_18/03-01-05-01-01-02-18.wav
1050,18,female,angry,data/Actor_18/03-01-05-01-02-01-18.wav
1051,18,female,angry,data/Actor_18/03-01-05-01-02-02-18.wav
1052,18,female,angry,data/Actor_18/03-01-05-02-01-01-18.wav
1053,18,female,angry,data/Actor_18/03-01-05-02-01-02-18.wav
1054,18,female,angry,data/Actor_18/03-01-05-02-02-01-18.wav
1055,18,female,angry,data/Actor_18/03-01-05-02-02-02-18.wav
1056,18,female,fearful,data/Actor_18/03-01-06-01-01-01-18.wav
1057,18,female,fearful,data/Actor_18/03-01-06-01-01-02-18.wav
1058,18,female,fearful,data/Actor_18/03-01-06-01-02-01-18.wav
1059,18,female,fearful,data/Actor_18/03-01-06-01-02-02-18.wav
1060,18,female,fearful,data/Actor_18/03-01-06-02-01-01-18.wav
1061,18,female,fearful,data/Actor_18/03-01-06-02-01-02-18.wav
1062,18,female,fearful,data/Actor_18/03-01-06-02-02-01-18.wav
1063,18,female,fearful,data/Actor_18/03-01-06-02-02-02-18.wav
1064,18,female,disgust,data/Actor_18/03-01-07-01-01-01-18.wav
1065,18,female,disgust,data/Actor_18/03-01-07-01-01-02-18.wav
1066,18,female,disgust,data/Actor_18/03-01-07-01-02-01-18.wav
1067,18,female,disgust,data/Actor_18/03-01-07-01-02-02-18.wav
1068,18,female,disgust,data/Actor_18/03-01-07-02-01-01-18.wav
1069,18,female,disgust,data/Actor_18/03-01-07-02-01-02-18.wav
1070,18,female,disgust,data/Actor_18/03-01-07-02-02-01-18.wav
1071,18,female,disgust,data/Actor_18/03-01-07-02-02-02-18.wav
1072,18,female,surprised,data/Actor_18/03-01-08-01-01-01-18.wav
1073,18,female,surprised,data/Actor_18/03-01-08-01-01-02-18.wav
1074,18,female,surprised,data/Actor_18/03-01-08-01-02-01-18.wav
1075,18,female,surprised,data/Actor_18/03-01-08-01-02-02-18.wav
1076,18,female,surprised,data/Actor_18/03-01-08-02-01-01-18.wav
1077,18,female,surprised,data/Actor_18/03-01-08-02-01-02-18.wav
1078,18,female,surprised,data/Actor_18/03-01-08-02-02-01-18.wav
1079,18,female,surprised,data/Actor_18/03-01-08-02-02-02-18.wav
1080,19,male,neutral,data/Actor_19/03-01-01-01-01-01-19.wav
1081,19,male,neutral,data/Actor_19/03-01-01-01-01-02-19.wav
1082,19,male,neutral,data/Actor_19/03-01-01-01-02-01-19.wav
1083,19,male,neutral,data/Actor_19/03-01-01-01-02-02-19.wav
1084,19,male,calm,data/Actor_19/03-01-02-01-01-01-19.wav
1085,19,male,calm,data/Actor_19/03-01-02-01-01-02-19.wav
1086,19,male,calm,data/Actor_19/03-01-02-01-02-01-19.wav
1087,19,male,calm,data/Actor_19/03-01-02-01-02-02-19.wav
1088,19,male,calm,data/Actor_19/03-01-02-02-01-01-19.wav
1089,19,male,calm,data/Actor_19/03-01-02-02-01-02-19.wav
1090,19,male,calm,data/Actor_19/03-01-02-02-02-01-19.wav
1091,19,male,calm,data/Actor_19/03-01-02-02-02-02-19.wav
1092,19,male,happy,data/Actor_19/03-01-03-01-01-01-19.wav
1093,19,male,happy,data/Actor_19/03-01-03-01-01-02-19.wav
1094,19,male,happy,data/Actor_19/03-01-03-01-02-01-19.wav
1095,19,male,happy,data/Actor_19/03-01-03-01-02-02-19.wav
1096,19,male,happy,data/Actor_19/03-01-03-02-01-01-19.wav
1097,19,male,happy,data/Actor_19/03-01-03-02-01-02-19.wav
1098,19,male,happy,data/Actor_19/03-01-03-02-02-01-19.wav
1099,19,male,happy,data/Actor_19/03-01-03-02-02-02-19.wav
1100,19,male,sad,data/Actor_19/03-01-04-01-01-01-19.wav
1101,19,male,sad,data/Actor_19/03-01-04-01-01-02-19.wav
1102,19,male,sad,data/Actor_19/03-01-04-01-02-01-19.wav
1103,19,male,sad,data/Actor_19/03-01-04-01-02-02-19.wav
1104,19,male,sad,data/Actor_19/03-01-04-02-01-01-19.wav
1105,19,male,sad,data/Actor_19/03-01-04-02-01-02-19.wav
1106,19,male,sad,data/Actor_19/03-01-04-02-02-01-19.wav
1107,19,male,sad,data/Actor_19/03-01-04-02-02-02-19.wav
1108,19,male,angry,data/Actor_19/03-01-05-01-01-01-19.wav
1109,19,male,angry,data/Actor_19/03-01-05-01-01-02-19.wav
1110,19,male,angry,data/Actor_19/03-01-05-01-02-01-19.wav
1111,19,male,angry,data/Actor_19/03-01-05-01-02-02-19.wav
1112,19,male,angry,data/Actor_19/03-01-05-02-01-01-19.wav
1113,19,male,angry,data/Actor_19/03-01-05-02-01-02-19.wav
1114,19,male,angry,data/Actor_19/03-01-05-02-02-01-19.wav
1115,19,male,angry,data/Actor_19/03-01-05-02-02-02-19.wav
1116,19,male,fearful,data/Actor_19/03-01-06-01-01-01-19.wav
1117,19,male,fearful,data/Actor_19/03-01-06-01-01-02-19.wav
1118,19,male,fearful,data/Actor_19/03-01-06-01-02-01-19.wav
1119,19,male,fearful,data/Actor_19/03-01-06-01-02-02-19.wav
1120,19,male,fearful,data/Actor_19/03-01-06-02-01-01-19.wav
1121,19,male,fearful,data/Actor_19/03-01-06-02-01-02-19.wav
1122,19,male,fearful,data/Actor_19/03-01-06-02-02-01-19.wav
1123,19,male,fearful,data/Actor_19/03-01-06-02-02-02-19.wav
1124,19,male,disgust,data/Actor_19/03-01-07-01-01-01-19.wav
1125,19,male,disgust,data/Actor_19/03-01-07-01-01-02-19.wav
1126,19,male,disgust,data/Actor_19/03-01-07-01-02-01-19.wav
1127,19,male,disgust,data/Actor_19/03-01-07-01-02-02-19.wav
1128,19,male,disgust,data/Actor_19/03-01-07-02-01-01-19.wav
1129,19,male,disgust,data/Actor_19/03-01-07-02-01-02-19.wav
1130,19,male,disgust,data/Actor_19/03-01-07-02-02-01-19.wav
1131,19,male,disgust,data/Actor_19/03-01-07-02-02-02-19.wav
1132,19,male,surprised,data/Actor_19/03-01-08-01-01-01-19.wav
1133,19,male,surprised,data/Actor_19/03-01-08-01-01-02-19.wav
1134,19,male,surprised,data/Actor_19/03-01-08-01-02-01-19.wav
1135,19,male,surprised,data/Actor_19/03-01-08-01-02-02-19.wav
1136,19,male,surprised,data/Actor_19/03-01-08-02-01-01-19.wav
1137,19,male,surprised,data/Actor_19/03-01-08-02-01-02-19.wav
1138,19,male,surprised,data/Actor_19/03-01-08-02-02-01-19.wav
1139,19,male,surprised,data/Actor_19/03-01-08-02-02-02-19.wav
1140,20,female,neutral,data/Actor_20/03-01-01-01-01-01-20.wav
1141,20,female,neutral,data/Actor_20/03-01-01-01-01-02-20.wav
1142,20,female,neutral,data/Actor_20/03-01-01-01-02-01-20.wav
1143,20,female,neutral,data/Actor_20/03-01-01-01-02-02-20.wav
1144,20,female,calm,data/Actor_20/03-01-02-01-01-01-20.wav
1145,20,female,calm,data/Actor_20/03-01-02-01-01-02-20.wav
1146,20,female,calm,data/Actor_20/03-01-02-01-02-01-20.wav
1147,20,female,calm,data/Actor_20/03-01-02-01-02-02-20.wav
1148,20,female,calm,data/Actor_20/03-01-02-02-01-01-20.wav
1149,20,female,calm,data/Actor_20/03-01-02-02-01-02-20.wav
1150,20,female,calm,data/Actor_20/03-01-02-02-02-01-20.wav
1151,20,female,calm,data/Actor_20/03-01-02-02-02-02-20.wav
1152,20,female,happy,data/Actor_20/03-01-03-01-01-01-20.wav
1153,20,female,happy,data/Actor_20/03-01-03-01-01-02-20.wav
1154,20,female,happy,data/Actor_20/03-01-03-01-02-01-20.wav
1155,20,female,happy,data/Actor_20/03-01-03-01-02-02-20.wav
1156,20,female,happy,data/Actor_20/03-01-03-02-01-01-20.wav
1157,20,female,happy,data/Actor_20/03-01-03-02-01-02-20.wav
1158,20,female,happy,data/Actor_20/03-01-03-02-02-01-20.wav
1159,20,female,happy,data/Actor_20/03-01-03-02-02-02-20.wav
1160,20,female,sad,data/Actor_20/03-01-04-01-01-01-20.wav
1161,20,female,sad,data/Actor_20/03-01-04-01-01-02-20.wav
1162,20,female,sad,data/Actor_20/03-01-04-01-02-01-20.wav
1163,20,female,sad,data/Actor_20/03-01-04-01-02-02-20.wav
1164,20,female,sad,data/Actor_20/03-01-04-02-01-01-20.wav
1165,20,female,sad,data/Actor_20/03-01-04-02-01-02-20.wav
1166,20,female,sad,data/Actor_20/03-01-04-02-02-01-20.wav
1167,20,female,sad,data/Actor_20/03-01-04-02-02-02-20.wav
1168,20,female,angry,data/Actor_20/03-01-05-01-01-01-20.wav
1169,20,female,angry,data/Actor_20/03-01-05-01-01-02-20.wav
1170,20,female,angry,data/Actor_20/03-01-05-01-02-01-20.wav
1171,20,female,angry,data/Actor_20/03-01-05-01-02-02-20.wav
1172,20,female,angry,data/Actor_20/03-01-05-02-01-01-20.wav
1173,20,female,angry,data/Actor_20/03-01-05-02-01-02-20.wav
1174,20,female,angry,data/Actor_20/03-01-05-02-02-01-20.wav
1175,20,female,angry,data/Actor_20/03-01-05-02-02-02-20.wav
1176,20,female,fearful,data/Actor_20/03-01-06-01-01-01-20.wav
1177,20,female,fearful,data/Actor_20/03-01-06-01-01-02-20.wav
1178,20,female,fearful,data/Actor_20/03-01-06-01-02-01-20.wav
1179,20,female,fearful,data/Actor_20/03-01-06-01-02-02-20.wav
1180,20,female,fearful,data/Actor_20/03-01-06-02-01-01-20.wav
1181,20,female,fearful,data/Actor_20/03-01-06-02-01-02-20.wav
1182,20,female,fearful,data/Actor_20/03-01-06-02-02-01-20.wav
1183,20,female,fearful,data/Actor_20/03-01-06-02-02-02-20.wav
1184,20,female,disgust,data/Actor_20/03-01-07-01-01-01-20.wav
1185,20,female,disgust,data/Actor_20/03-01-07-01-01-02-20.wav
1186,20,female,disgust,data/Actor_20/03-01-07-01-02-01-20.wav
1187,20,female,disgust,data/Actor_20/03-01-07-01-02-02-20.wav
1188,20,female,disgust,data/Actor_20/03-01-07-02-01-01-20.wav
1189,20,female,disgust,data/Actor_20/03-01-07-02-01-02-20.wav
1190,20,female,disgust,data/Actor_20/03-01-07-02-02-01-20.wav
1191,20,female,disgust,data/Actor_20/03-01-07-02-02-02-20.wav
1192,20,female,surprised,data/Actor_20/03-01-08-01-01-01-20.wav
1193,20,female,surprised,data/Actor_20/03-01-08-01-01-02-20.wav
1194,20,female,surprised,data/Actor_20/03-01-08-01-02-01-20.wav
1195,20,female,surprised,data/Actor_20/03-01-08-01-02-02-20.wav
1196,20,female,surprised,data/Actor_20/03-01-08-02-01-01-20.wav
1197,20,female,surprised,data/Actor_20/03-01-08-02-01-02-20.wav
1198,20,female,surprised,data/Actor_20/03-01-08-02-02-01-20.wav
1199,20,female,surprised,data/Actor_20/03-01-08-02-02-02-20.wav
1200,21,male,neutral,data/Actor_21/03-01-01-01-01-01-21.wav
1201,21,male,neutral,data/Actor_21/03-01-01-01-01-02-21.wav
1202,21,male,neutral,data/Actor_21/03-01-01-01-02-01-21.wav
1203,21,male,neutral,data/Actor_21/03-01-01-01-02-02-21.wav
1204,21,male,calm,data/Actor_21/03-01-02-01-01-01-21.wav
1205,21,male,calm,data/Actor_21/03-01-02-01-01-02-21.wav
1206,21,male,calm,data/Actor_21/03-01-02-01-02-01-21.wav
1207,21,male,calm,data/Actor_21/03-01-02-01-02-02-21.wav
1208,21,male,calm,data/Actor_21/03-01-02-02-01-01-21.wav
1209,21,male,calm,data/Actor_21/03-01-02-02-01-02-21.wav
1210,21,male,calm,data/Actor_21/03-01-02-02-02-01-21.wav
1211,21,male,calm,data/Actor_21/03-01-02-02-02-02-21.wav
1212,21,male,happy,data/Actor_21/03-01-03-01-01-01-21.wav
1213,21,male,happy,data/Actor_21/03-01-03-01-01-02-21.wav
1214,21,male,happy,data/Actor_21/03-01-03-01-02-01-21.wav
1215,21,male,happy,data/Actor_21/03-01-03-01-02-02-21.wav
1216,21,male,happy,data/Actor_21/03-01-03-02-01-01-21.wav
1217,21,male,happy,data/Actor_21/03-01-03-02-01-02-21.wav
1218,21,male,happy,data/Actor_21/03-01-03-02-02-01-21.wav
1219,21,male,happy,data/Actor_21/03-01-03-02-02-02-21.wav
1220,21,male,sad,data/Actor_21/03-01-04-01-01-01-21.wav
1221,21,male,sad,data/Actor_21/03-01-04-01-01-02-21.wav
1222,21,male,sad,data/Actor_21/03-01-04-01-02-01-21.wav
1223,21,male,sad,data/Actor_21/03-01-04-01-02-02-21.wav
1224,21,male,sad,data/Actor_21/03-01-04-02-01-01-21.wav
1225,21,male,sad,data/Actor_21/03-01-04-02-01-02-21.wav
1226,21,male,sad,data/Actor_21/03-01-04-02-02-01-21.wav
1227,21,male,sad,data/Actor_21/03-01-04-02-02-02-21.wav
1228,21,male,angry,data/Actor_21/03-01-05-01-01-01-21.wav
1229,21,male,angry,data/Actor_21/03-01-05-01-01-02-21.wav
1230,21,male,angry,data/Actor_21/03-01-05-01-02-01-21.wav
1231,21,male,angry,data/Actor_21/03-01-05-01-02-02-21.wav
1232,21,male,angry,data/Actor_21/03-01-05-02-01-01-21.wav
1233,21,male,angry,data/Actor_21/03-01-05-02-01-02-21.wav
1234,21,male,angry,data/Actor_21/03-01-05-02-02-01-21.wav
1235,21,male,angry,data/Actor_21/03-01-05-02-02-02-21.wav
1236,21,male,fearful,data/Actor_21/03-01-06-01-01-01-21.wav
1237,21,male,fearful,data/Actor_21/03-01-06-01-01-02-21.wav
1238,21,male,fearful,data/Actor_21/03-01-06-01-02-01-21.wav
1239,21,male,fearful,data/Actor_21/03-01-06-01-02-02-21.wav
1240,21,male,fearful,data/Actor_21/03-01-06-02-01-01-21.wav
1241,21,male,fearful,data/Actor_21/03-01-06-02-01-02-21.wav
1242,21,male,fearful,data/Actor_21/03-01-06-02-02-01-21.wav
1243,21,male,fearful,data/Actor_21/03-01-06-02-02-02-21.wav
1244,21,male,disgust,data/Actor_21/03-01-07-01-01-01-21.wav
1245,21,male,disgust,data/Actor_21/03-01-07-01-01-02-21.wav
1246,21,male,disgust,data/Actor_21/03-01-07-01-02-01-21.wav
1247,21,male,disgust,data/Actor_21/03-01-07-01-02-02-21.wav
1248,21,male,disgust,data/Actor_21/03-01-07-02-01-01-21.wav
1249,21,male,disgust,data/Actor_21/03-01-07-02-01-02-21.wav
1250,21,male,disgust,data/Actor_21/03-01-07-02-02-01-21.wav
1251,21,male,disgust,data/Actor_21/03-01-07-02-02-02-21.wav
1252,21,male,surprised,data/Actor_21/03-01-08-01-01-01-21.wav
1253,21,male,surprised,data/Actor_21/03-01-08-01-01-02-21.wav
1254,21,male,surprised,data/Actor_21/03-01-08-01-02-01-21.wav
1255,21,male,surprised,data/Actor_21/03-01-08-01-02-02-21.wav
1256,21,male,surprised,data/Actor_21/03-01-08-02-01-01-21.wav
1257,21,male,surprised,data/Actor_21/03-01-08-02-01-02-21.wav
1258,21,male,surprised,data/Actor_21/03-01-08-02-02-01-21.wav
1259,21,male,surprised,data/Actor_21/03-01-08-02-02-02-21.wav
1260,22,female,neutral,data/Actor_22/03-01-01-01-01-01-22.wav
1261,22,female,neutral,data/Actor_22/03-01-01-01-01-02-22.wav
1262,22,female,neutral,data/Actor_22/03-01-01-01-02-01-22.wav
1263,22,female,neutral,data/Actor_22/03-01-01-01-02-02-22.wav
1264,22,female,calm,data/Actor_22/03-01-02-01-01-01-22.wav
1265,22,female,calm,data/Actor_22/03-01-02-01-01-02-22.wav
1266,22,female,calm,data/Actor_22/03-01-02-01-02-01-22.wav
1267,22,female,calm,data/Actor_22/03-01-02-01-02-02-22.wav
1268,22,female,calm,data/Actor_22/03-01-02-02-01-01-22.wav
1269,22,female,calm,data/Actor_22/03-01-02-02-01-02-22.wav
1270,22,female,calm,data/Actor_22/03-01-02-02-02-01-22.wav
1271,22,female,calm,data/Actor_22/03-01-02-02-02-02-22.wav
1272,22,female,happy,data/Actor_22/03-01-03-01-01-01-22.wav
1273,22,female,happy,data/Actor_22/03-01-03-01-01-02-22.wav
1274,22,female,happy,data/Actor_22/03-01-03-01-02-01-22.wav
1275,22,female,happy,data/Actor_22/03-01-03-01-02-02-22.wav
1276,22,female,happy,data/Actor_22/03-01-03-02-01-01-22.wav
1277,22,female,happy,data/Actor_22/03-01-03-02-01-02-22.wav
1278,22,female,happy,data/Actor_22/03-01-03-02-02-01-22.wav
1279,22,female,happy,data/Actor_22/03-01-03-02-02-02-22.wav
1280,22,female,sad,data/Actor_22/03-01-04-01-01-01-22.wav
1281,22,female,sad,data/Actor_22/03-01-04-01-01-02-22.wav
1282,22,female,sad,data/Actor_22/03-01-04-01-02-01-22.wav
1283,22,female,sad,data/Actor_22/03-01-04-01-02-02-22.wav
1284,22,female,sad,data/Actor_22/03-01-04-02-01-01-22.wav
1285,22,female,sad,data/Actor_22/03-01-04-02-01-02-22.wav
1286,22,female,sad,data/Actor_22/03-01-04-02-02-01-22.wav
1287,22,female,sad,data/Actor_22/03-01-04-02-02-02-22.wav
1288,22,female,angry,data/Actor_22/03-01-05-01-01-01-22.wav
1289,22,female,angry,data/Actor_22/03-01-05-01-01-02-22.wav
1290,22,female,angry,data/Actor_22/03-01-05-01-02-01-22.wav
1291,22,female,angry,data/Actor_22/03-01-05-01-02-02-22.wav
1292,22,female,angry,data/Actor_22/03-01-05-02-01-01-22.wav
1293,22,female,angry,data/Actor_22/03-01-05-02-01-02-22.wav
1294,22,female,angry,data/Actor_22/03-01-05-02-02-01-22.wav
1295,22,female,angry,data/Actor_22/03-01-05-02-02-02-22.wav
1296,22,female,fearful,data/Actor_22/03-01-06-01-01-01-22.wav
1297,22,female,fearful,data/Actor_22/03-01-06-01-01-02-22.wav
1298,22,female,fearful,data/Actor_22/03-01-06-01-02-01-22.wav
1299,22,female,fearful,data/Actor_22/03-01-06-01-02-02-22.wav
1300,22,female,fearful,data/Actor_22/03-01-06-02-01-01-22.wav
1301,22,female,fearful,data/Actor_22/03-01-06-02-01-02-22.wav
1302,22,female,fearful,data/Actor_22/03-01-06-02-02-01-22.wav
1303,22,female,fearful,data/Actor_22/03-01-06-02-02-02-22.wav
1304,22,female,disgust,data/Actor_22/03-01-07-01-01-01-22.wav
1305,22,female,disgust,data/Actor_22/03-01-07-01-01-02-22.wav
1306,22,female,disgust,data/Actor_22/03-01-07-01-02-01-22.wav
1307,22,female,disgust,data/Actor_22/03-01-07-01-02-02-22.wav
1308,22,female,disgust,data/Actor_22/03-01-07-02-01-01-22.wav
1309,22,female,disgust,data/Actor_22/03-01-07-02-01-02-22.wav
1310,22,female,disgust,data/Actor_22/03-01-07-02-02-01-22.wav
1311,22,female,disgust,data/Actor_22/03-01-07-02-02-02-22.wav
1312,22,female,surprised,data/Actor_22/03-01-08-01-01-01-22.wav
1313,22,female,surprised,data/Actor_22/03-01-08-01-01-02-22.wav
1314,22,female,surprised,data/Actor_22/03-01-08-01-02-01-22.wav
1315,22,female,surprised,data/Actor_22/03-01-08-01-02-02-22.wav
1316,22,female,surprised,data/Actor_22/03-01-08-02-01-01-22.wav
1317,22,female,surprised,data/Actor_22/03-01-08-02-01-02-22.wav
1318,22,female,surprised,data/Actor_22/03-01-08-02-02-01-22.wav
1319,22,female,surprised,data/Actor_22/03-01-08-02-02-02-22.wav
1320,23,male,neutral,data/Actor_23/03-01-01-01-01-01-23.wav
1321,23,male,neutral,data/Actor_23/03-01-01-01-01-02-23.wav
1322,23,male,neutral,data/Actor_23/03-01-01-01-02-01-23.wav
1323,23,male,neutral,data/Actor_23/03-01-01-01-02-02-23.wav
1324,23,male,calm,data/Actor_23/03-01-02-01-01-01-23.wav
1325,23,male,calm,data/Actor_23/03-01-02-01-01-02-23.wav
1326,23,male,calm,data/Actor_23/03-01-02-01-02-01-23.wav
1327,23,male,calm,data/Actor_23/03-01-02-01-02-02-23.wav
1328,23,male,calm,data/Actor_23/03-01-02-02-01-01-23.wav
1329,23,male,calm,data/Actor_23/03-01-02-02-01-02-23.wav
1330,23,male,calm,data/Actor_23/03-01-02-02-02-01-23.wav
1331,23,male,calm,data/Actor_23/03-01-02-02-02-02-23.wav
1332,23,male,happy,data/Actor_23/03-01-03-01-01-01-23.wav
1333,23,male,happy,data/Actor_23/03-01-03-01-01-02-23.wav
1334,23,male,happy,data/Actor_23/03-01-03-01-02-01-23.wav
1335,23,male,happy,data/Actor_23/03-01-03-01-02-02-23.wav
1336,23,male,happy,data/Actor_23/03-01-03-02-01-01-23.wav
1337,23,male,happy,data/Actor_23/03-01-03-02-01-02-23.wav
1338,23,male,happy,data/Actor_23/03-01-03-02-02-01-23.wav
1339,23,male,happy,data/Actor_23/03-01-03-02-02-02-23.wav
1340,23,male,sad,data/Actor_23/03-01-04-01-01-01-23.wav
1341,23,male,sad,data/Actor_23/03-01-04-01-01-02-23.wav
1342,23,male,sad,data/Actor_23/03-01-04-01-02-01-23.wav
1343,23,male,sad,data/Actor_23/03-01-04-01-02-02-23.wav
1344,23,male,sad,data/Actor_23/03-01-04-02-01-01-23.wav
1345,23,male,sad,data/Actor_23/03-01-04-02-01-02-23.wav
1346,23,male,sad,data/Actor_23/03-01-04-02-02-01-23.wav
1347,23,male,sad,data/Actor_23/03-01-04-02-02-02-23.wav
1348,23,male,angry,data/Actor_23/03-01-05-01-01-01-23.wav
1349,23,male,angry,data/Actor_23/03-01-05-01-01-02-23.wav
1350,23,male,angry,data/Actor_23/03-01-05-01-02-01-23.wav
1351,23,male,angry,data/Actor_23/03-01-05-01-02-02-23.wav
1352,23,male,angry,data/Actor_23/03-01-05-02-01-01-23.wav
1353,23,male,angry,data/Actor_23/03-01-05-02-01-02-23.wav
1354,23,male,angry,data/Actor_23/03-01-05-02-02-01-23.wav
1355,23,male,angry,data/Actor_23/03-01-05-02-02-02-23.wav
1356,23,male,fearful,data/Actor_23/03-01-06-01-01-01-23.wav
1357,23,male,fearful,data/Actor_23/03-01-06-01-01-02-23.wav
1358,23,male,fearful,data/Actor_23/03-01-06-01-02-01-23.wav
1359,23,male,fearful,data/Actor_23/03-01-06-01-02-02-23.wav
1360,23,male,fearful,data/Actor_23/03-01-06-02-01-01-23.wav
1361,23,male,fearful,data/Actor_23/03-01-06-02-01-02-23.wav
1362,23,male,fearful,data/Actor_23/03-01-06-02-02-01-23.wav
1363,23,male,fearful,data/Actor_23/03-01-06-02-02-02-23.wav
1364,23,male,disgust,data/Actor_23/03-01-07-01-01-01-23.wav
1365,23,male,disgust,data/Actor_23/03-01-07-01-01-02-23.wav
1366,23,male,disgust,data/Actor_23/03-01-07-01-02-01-23.wav
1367,23,male,disgust,data/Actor_23/03-01-07-01-02-02-23.wav
1368,23,male,disgust,data/Actor_23/03-01-07-02-01-01-23.wav
1369,23,male,disgust,data/Actor_23/03-01-07-02-01-02-23.wav
1370,23,male,disgust,data/Actor_23/03-01-07-02-02-01-23.wav
1371,23,male,disgust,data/Actor_23/03-01-07-02-02-02-23.wav
1372,23,male,surprised,data/Actor_23/03-01-08-01-01-01-23.wav
1373,23,male,surprised,data/Actor_23/03-01-08-01-01-02-23.wav
1374,23,male,surprised,data/Actor_23/03-01-08-01-02-01-23.wav
1375,23,male,surprised,data/Actor_23/03-01-08-01-02-02-23.wav
1376,23,male,surprised,data/Actor_23/03-01-08-02-01-01-23.wav
1377,23,male,surprised,data/Actor_23/03-01-08-02-01-02-23.wav
1378,23,male,surprised,data/Actor_23/03-01-08-02-02-01-23.wav
1379,23,male,surprised,data/Actor_23/03-01-08-02-02-02-23.wav
1380,24,female,neutral,data/Actor_24/03-01-01-01-01-01-24.wav
1381,24,female,neutral,data/Actor_24/03-01-01-01-01-02-24.wav
1382,24,female,neutral,data/Actor_24/03-01-01-01-02-01-24.wav
1383,24,female,neutral,data/Actor_24/03-01-01-01-02-02-24.wav
1384,24,female,calm,data/Actor_24/03-01-02-01-01-01-24.wav
1385,24,female,calm,data/Actor_24/03-01-02-01-01-02-24.wav
1386,24,female,calm,data/Actor_24/03-01-02-01-02-01-24.wav
1387,24,female,calm,data/Actor_24/03-01-02-01-02-02-24.wav
1388,24,female,calm,data/Actor_24/03-01-02-02-01-01-24.wav
1389,24,female,calm,data/Actor_24/03-01-02-02-01-02-24.wav
1390,24,female,calm,data/Actor_24/03-01-02-02-02-01-24.wav
1391,24,female,calm,data/Actor_24/03-01-02-02-02-02-24.wav
1392,24,female,happy,data/Actor_24/03-01-03-01-01-01-24.wav
1393,24,female,happy,data/Actor_24/03-01-03-01-01-02-24.wav
1394,24,female,happy,data/Actor_24/03-01-03-01-02-01-24.wav
1395,24,female,happy,data/Actor_24/03-01-03-01-02-02-24.wav
1396,24,female,happy,data/Actor_24/03-01-03-02-01-01-24.wav
1397,24,female,happy,data/Actor_24/03-01-03-02-01-02-24.wav
1398,24,female,happy,data/Actor_24/03-01-03-02-02-01-24.wav
1399,24,female,happy,data/Actor_24/03-01-03-02-02-02-24.wav
1400,24,female,sad,data/Actor_24/03-01-04-01-01-01-24.wav
1401,24,female,sad,data/Actor_24/03-01-04-01-01-02-24.wav
1402,24,female,sad,data/Actor_24/03-01-04-01-02-01-24.wav
1403,24,female,sad,data/Actor_24/03-01-04-01-02-02-24.wav
1404,24,female,sad,data/Actor_24/03-01-04-02-01-01-24.wav
1405,24,female,sad,data/Actor_24/03-01-04-02-01-02-24.wav
1406,24,female,sad,data/Actor_24/03-01-04-02-02-01-24.wav
1407,24,female,sad,data/Actor_24/03-01-04-02-02-02-24.wav
1408,24,female,angry,data/Actor_24/03-01-05-01-01-01-24.wav
1409,24,female,angry,data/Actor_24/03-01-05-01-01-02-24.wav
1410,24,female,angry,data/Actor_24/03-01-05-01-02-01-24.wav
1411,24,female,angry,data/Actor_24/03-01-05-01-02-02-24.wav
1412,24,female,angry,data/Actor_24/03-01-05-02-01-01-24.wav
1413,24,female,angry,data/Actor_24/03-01-05-02-01-02-24.wav
1414,24,female,angry,data/Actor_24/03-01-05-02-02-01-24.wav
1415,24,female,angry,data/Actor_24/03-01-05-02-02-02-24.wav
1416,24,female,fearful,data/Actor_24/03-01-06-01-01-01-24.wav
1417,24,female,fearful,data/Actor_24/03-01-06-01-01-02-24.wav
1418,24,female,fearful,data/Actor_24/03-01-06-01-02-01-24.wav
1419,24,female,fearful,data/Actor_24/03-01-06-01-02-02-24.wav
1420,24,female,fearful,data/Actor_24/03-01-06-02-01-01-24.wav
1421,24,female,fearful,data/Actor_24/03-01-06-02-01-02-24.wav
1422,24,female,fearful,data/Actor_24/03-01-06-02-02-01-24.wav
1423,24,female,fearful,data/Actor_24/03-01-06-02-02-02-24.wav
1424,24,female,disgust,data/Actor_24/03-01-07-01-01-01-24.wav
1425,24,female,disgust,data/Actor_24/03-01-07-01-01-02-24.wav
1426,24,female,disgust,data/Actor_24/03-01-07-01-02-01-24.wav
1427,24,female,disgust,data/Actor_24/03-01-07-01-02-02-24.wav
1428,24,female,disgust,data/Actor_24/03-01-07-02-01-01-24.wav
1429,24,female,disgust,data/Actor_24/03-01-07-02-01-02-24.wav
1430,24,female,disgust,data/Actor_24/03-01-07-02-02-01-24.wav
1431,24,female,disgust,data/Actor_24/03-01-07-02-02-02-24.wav
1432,24,female,surprised,data/Actor_24/03-01-08-01-01-01-24.wav
1433,24,female,surprised,data/Actor_24/03-01-08-01-01-02-24.wav
1434,24,female,surprised,data/Actor_24/03-01-08-01-02-01-24.wav
1435,24,female,surprised,data/Actor_24/03-01-08-01-02-02-24.wav
1436,24,female,surprised,data/Actor_24/03-01-08-02-01-01-24.wav
1437,24,female,surprised,data/Actor_24/03-01-08-02-01-02-24.wav
1438,24,female,surprised,data/Actor_24/03-01-08-02-02-01-24.wav
1439,24,female,surprised,data/Actor_24/03-01-08-02-02-02-24.wav
